Message,Label,Source,Language
"頒獎典禮Logistic Helper (Whatsapp Michael #67730274 Apply)
 日期及時間:
 [11月24日]: 上午 9:00 至 下午 6:00
 [11月25日]: 上午 9:00 至 下午 6:00
 [11月28日]: 晚上 11:00 至 凌晨 3:00
 [11月29日]: 上午 07:00 至 下午 3:00
 地點: 啟德 (半室外地方)
 時薪: $100 (凌晨 12:00 後：時薪 x 1.5（即 $150/小時))
 交通津貼: 收工時間晚於凌晨 12:30，將提供額外 $100 交通津貼
 服飾要求: 素色舒適衣著及長褲波鞋
 職責: 負責場地佈置工作，包括搬運、安裝同整理設備
 要求: 韓文語音水平必須達到 TOPIK II 5 級或以上 ; 能應付大量體力勞動",normal,IG,zh
"頒獎典禮佈置員 (Whatsapp Michael #67730274 Apply)
 日期及時間:
 [11月25日]: 上午 9:00 至 下午 6:00
 [11月28日]: 上午 8:00 至 中午 12:00
 [11月29日]: 上午 07:00 至 下午 3:00
 地點: 啟德 (半室外地方)
 時薪: $70
 全勤獎金：$5/小時 (返到2日或以上並且於獲安排工作日無任何遲到、早退或缺勤)
 服飾要求: 素色舒適衣著及長褲波鞋
 職責: 負責場地佈置工作，包括搬運、安裝同整理設備
 要求: 能應付體力勞動",normal,IG,zh
"投注戶口開戶大使(AA) (請連同CV及近照Whatsapp Justin#6382 3875申請)
 日期：大部份星期二,四,六
 地點：將軍澳
 時間：13:30 - 19:30
 時薪: $90 (另設有銷售bonus)
 職責: 協助主辦方為入場人仕開設及登記投注戶口
 要求: 有跑數/馬會工作經驗優先",normal,IG,zh
"職位：倉務員
 地區：粉嶺
 日期：10月31日-11月15日
 時間：21:00-06:00
 工作內容：分件，芒膠，執貨
 工作要求：18歲或以上，需有倉務經驗
 人工： $680/日 💰即日出糧 (唔包飯鐘)
 whatsapp電話：67562551",normal,IG,zh
"職位：包裝助理(男)
 地區：元朗科技中心
 日期：11月3-6日
 時間：09:00-18:00
 工作內容：主要做包裝(手錶)，及搬貨上落等
 衣著要求：男士優先 有包裝經驗及返哂優先（可坐 有冷氣 簡單易做）
 人工： $60/hr (不包飯鐘)
 whatsapp電話：67562551",normal,IG,zh
"兼職實習
 職位：Risk Management Trainee
 時薪：$80-$100
 工作內容：接觸客戶、風險評估、數據模擬、風險對沖
 地點：觀塘
 返工模式：一星期兩天或以上、每周報更（星期一至六）
 1000-1400/1000-1600
 1400-1800/1400-2000
 對象：大專生及大學生
 有意申請WhatsApp聯絡方生：62649164",normal,IG,zh
"Event Assistant (Part Time) (歡迎大學生)
 職責：
 - 協助活動進行
 - 提供優質客戶服務
 - 為客人提供服務並協助他們使用 Photobooth
 - 負責搬運 Photobooth 器材
 - 設置 Photobooth 並提供技術支援
 
 入職要求：
 - 優先考慮在校大學生，副學士或高級文憑以上學歷 (應屆畢業生或相關工作經驗較淺者也會獲考慮)
 - 提供在職培訓，優先考慮可長期工作候選人
 - 具有強烈的責任感和守時
 - 性格外向好動及健談
 - 良好溝通能力及服務態度
 - 主動、友善、有禮，有責任感及團隊精神
 - 操流利廣東話及一般英語
 - 如果您已經有一份全職工作，將不予考慮
 
 工作類型: 兼職
 薪酬： 每小時 $75 - $90
 工作時間： 能夠每週工作2-3天（通常安排在下午到晚間，以配合活動時間表）
 
 福利：
 - 晉升機會
 - 超時加班費
 - 超時交通津貼
 
 請將您的CV 和身份照片(非必須的)發送 5592 1580",normal,IG,zh
"招聘年輕Promoter(信用卡推廣💳)
 
 *要求：能獨立工作，要跑數，薪金可達每日$1500或以上，每日1小時有薪飯鐘*
 *18-40歲，主動積極，室內工作*
 
 17-23/11 旺角
 17-20,22-23/11 北角
 22/11 觀塘
 17-20/11葵芳
 19/11 南昌
 17/11 屯門
 時間 : 12pm-9pm
 薪金 : $90/hr+佣金
 
 職責 : 於藥妝店內叫人申請信用卡
 要求 : 醒目，守時，整潔儀容，積極主動
 衣著 : 上身有外套提供，下身自備黑長褲+白波鞋
 
 如有意請whatsapp近照到56887266並註明年齡高度體重報邊日邊區",normal,IG,zh
"港島商場活動招聘年輕Helper
 
 *要求20-35歲，唔怕小動物*
 
 日期 : 11月23日(日)
 時間 : 1230-1830
 地點 : 銅鑼灣
 時薪 : $80/hr
 
 職責 : 協助活動順利進行
 要求 : 黑髮，化妝，積極主動，守時
 衣著 : 上身有衫提供，下身自備黑長褲白波鞋
 
 如有意請WhatsApp近照到56887266並註明年齡",normal,IG,zh
"romoter/ 傳單派發員 (Whatsapp Andrea #92385633 申請)
 日期: 10月2日 (銅鑼灣/金鐘)
 時薪:$65-70
 服飾: 黑衫黑長褲 (無logo)
 職責: 幫大型連鎖個人護理店派發宣傳品
 時間: 1200-1800 (6小時)
 歡迎家庭主婦, 退休人士,學生,散更",normal,IG,zh
"傳單派發員/Promoter (Whatsapp Andrea #92385633 申請)
 時薪: $65-70 (視地點而定)
 
 日期: 10月2-4,6日
 香港: 銅鑼灣/金鐘/中環
 九龍: 尖沙咀/紅磡/旺角/ 佐敦道
 新界: 荃灣/天水圍/元朗/屯門/沙田/ 上水
 
 日期: 10月5日
 新界: 大埔/元朗/上水
 
 服飾: 黑衫黑長褲 (無logo)
 職責: 幫大型連鎖個人護理店派發宣傳品
 時間: 1200-1800 (6小時)
 歡迎家庭主婦, 退休人士,學生,散更",normal,IG,zh
"門票銷售員 (Whatsapp Klitus #97280269 申請)
 日期：10月23-27日 (星期三至日)
 時間：10月23日: 17:00 - 23:00
 10月24-27日: 11:30 - 23:00 (有薪45分鐘飯鐘*2)
 地點：中環
 時薪：$80+10(Bonus: 返足全期, 無遲到早退, 冇被投訴)
 另設有積效獎金可達$850
 職責：門票銷售推廣
 要求：守時有禮， 有責任心，有跑數/銷售經驗, 可全期上班優先
 申請時請附上簡歷及近照",normal,IG,zh
"活動小助手 (Whatsapp Klitus #97280269 連同近照申請)
 日期：10月25 - 11月3
 時間：9:15 - 18:15
 地點： 沙田科學園
 時薪：$70+10(Bonus: 返足全期, 無遲到早退, 無被投訴者)
 職責：迎賓, 協助攤位運作, 贈送紀念品 和 人群控制
 要求：大專或以上, 守時有禮, 有責任心, 必須返足全期
 請連同CV 及 近照申請",normal,IG,zh
"(短期) 項目助理 /Project Assistant (Whatsapp Joan #59275108 申請)
 日期：9月25日起至11月22日
 時間：星期一至五, 09:00-18:00
 時薪：$70 (返足全期$80/hr)
 地點：灣仔會展
 職責：協助專案經理進行展覽項目, 為團隊提供行政支援, 處理活動參與者的詢問並承擔現場職責, 處理一般查詢等
 要求：良好中英文, 懂MS office, 積極主動",normal,IG,zh
"Booth Assistant (Whatsapp Taner #90222762 連同CV近照申請)
 日期 :9月17-18日 (星期二三)
 地點: 尖沙咀星光大道
 時間: 1400-2200 (1小時有薪飯鐘)
 時薪: $90/hr
 職責: 推廣銷售飾物/邀請客人追蹤IG/FB
 衣著: 自備純白色 T-shirt , 黑色牛仔長褲, 波鞋
 要求: 守時唔甩底, 有Promoter/CS/Sales相關經驗優先考慮",normal,IG,zh
"Promoter (Whatsapp Joan #59275108申請)
 日期：9月13,14,15,17,18日
 時間：12:00 - 20:00 ( 一小時有薪飯鐘)
 時薪：$70+10(Bonus：沒有遲到，早退，缺席或者被投訴)
 地點：銅鑼灣
 職責：協助派發試飲產品，推廣品牌
 要求：必須返足全期
 
 申請時請附上近照",normal,IG,zh
"大型活動 Event Helper (Whatsapp Taner #90222762 連同近照CV申請)
 日期 :9月21日 (星期六)
 地點: 銅鑼灣
 時間: 0600-1300/0700-1300
 時薪: $75-85/hr (視乎開工時間)
 職責: 提供顧客服務/協助活動運作/人流管制
 衣著: 自備純白色 T-shirt , 黑色牛仔長褲, 白波鞋
 要求: 守時唔甩底, 良好中英文, 有CS相關經驗優先考慮
 
 請提交以下申請資料：1. 照片 2. 履歷 3. 30秒英文自我介紹音頻",normal,IG,zh
"(全職) 智能產品推廣員 (大量) (WhatsApp Andrea #92385633 申請)
 優厚獎金, 月薪可達$2.5萬-3.2萬
 入職首3個月薪金保證: $19,000 - 20,000 /月
 工時: 一星期工作六天，每天工作八小時
 職責: 銷售智能產品; 提供售前售後服務
 要求:歡迎無銷售經驗者, 中五/文憑學歷程度
 福利: 有薪銀行假期17天、婚假、恩恤假、醫療保險(包括牙科)、强積金、在職培訓
 奬金: 勤工奬金、銷售佣金、額外獎金、服務獎金",normal,IG,zh
"AWE 展覽活動CS Assistant (Whatsapp Johnny#97818831申請)
 日期及時間:
 6 Sep 1430-2130/ 1430-2330
 地點: 亞洲博覽館
 時薪: $70(包飯包飯鐘)
 職責: 在場地內解答客人查詢
 要求: 必須年滿18歲, 自備純黑色西褲/西裙, 純黑色皮鞋,白恤衫, 黑西裝外套, 頭髮必須是深黑/深啡 之後日子按活動日自由報更, 日子愈多愈優先考慮",normal,IG,zh
"中型貨車司機 (Whatsapp Adam #6382 3875 連同CV及近照申請)
 日期: 10月起
 時間: 07:15-16:15 / 08:30-17:30
 地點: 青衣
 日薪: $1000/per shift
 職責: 駕駛16噸貨車、負責到各區收集化學品 運送至廠房
 要求: 持有中型貨車駕駛執照(18號牌)、駕駛紀錄良好、接受體力勞動工作",normal,IG,zh
"馬會-餐飲工作 (Whatsapp Klitus #97280269申請)
 日期：9月8 - 25日(自由報更)
 時間：08:30-23:30內(6-8小時) (包飯及半小時飯鐘)
 地點：跑馬地/沙田馬埸
 時薪: 快餐侍應 $70 ; 侍應 $89.5 ; 收銀 $71
 （工作後3個工作天過數）",normal,IG,zh
"活力宣傳大使 (Whatsapp Janice#6620 6697申請)
 日期: 9月14-15&18, 10月1
 時間: 15:00 - 17:00 (2 hours)
 地點: 將軍澳
 時薪: $100/h
 服飾: 短裙+T-shirt(公司提供)
 職責：宣傳商場社交媒體, 協助來客訂閱並LIKE商場社交媒體, 送出贈品
 要求：積極主動, 守時及有責任心, 全期返到優先考慮
 
 申請時請提供1.身高 2.體重 3.半身以及全身照 4.Comp Card 5.可上班日期",normal,IG,zh
"油塘 小米之家 $70/hr (包飯鐘)
 AGE <40
 衣著 深色淨色 波鞋
 髮色 深色 (可啡)
 識電子產品, 手錶, 耳機ETC
 識小米 呢個BRAND
 -
 時間:
 10:00-19:00 / 11:00-20:00 / 12:00-22:00 (可返13:00)
 
 12月份
 25-27號
 每日2-3個人
 28-31號
 每日要4-5個人",normal,IG,zh
"PROMOTER 💰 時薪 : $90-100 (視乎經驗及返工穩定性)
 
 🏢工作地點：石門
 🕒工作時間：星期一至五 11:00-19:00，星期六 紅日 10:00-18:00
 📅工作內容：派發傳單 推廣品牌
 
 👚衣著要求：純色恤衫 黑褲 鞋 (斯文溫暖感覺)
 
 💡要求：對美容有興趣有認識 儀表端莊 樂天主動 喜歡聊天",normal,IG,zh
"遊戲大使💰 時薪 : $60
 
 🏢工作地點：荔枝角
 🕒工作時間：22,23,25,25/12 10:45-19:45 11:45-20:45 12:15-21:15
 📅工作內容：室內遊樂場維持小朋友安全 開關VR遊戲 ; 協助樂園內店務工作 ; 簡單消毒場地
 
 👚衣著要求：有提供上身及襪，自備黑色長褲+波鞋
 
 💡要求：18歲或以上",normal,IG,zh
"文員 💰 時薪 : $75 (包飯鐘)
 
 🏢工作地點：香港大學西寶城
 🕒工作時間：星期一至日 (一星期返5日或以上) ，07:30-15:30 / 12:00-20:00
 📅工作內容：一般文書工作，及需幫忙接聽客戶查詢電話 📞
 
 💡要求：需懂得 Excel、Word，中英文打字 ✍️，具備中英文溝通及書寫能力 🗣✉️",normal,IG,zh
"葵涌 坐鏟手（要有牌）
 夜班 21:30-08:30
 $900
 直接WhatsApp: 62736674",normal,IG,zh
"急需2個男工
 配料員$600
 08:30-17:30有廠車
 WhatsApp 62736674",normal,IG,zh
"觀塘 大量生產員 *包膳食* 有冷氣
 時間:
 早7am-5pm / 7:30am-5:30pm(男/女）
 中13：00-23：00 (只限男)
 
 日薪 : $ 600星期二，五出 / $640兩個禮拜
 
 工作內容：負責生產點心、糕點程序
 
 適合人選：男女均可，65歲以下，有廚房經驗優先
 
 直接WhatsApp/打電話: 62736674
 簡易連結：
 https://wa.me/85262736674?text=觀塘生產員",normal,IG,zh
"工作場所 :金鐘港島香格里拉酒店(咖啡室)侍應
 工作時間 :2025-11-10 08:00 至 13:00 星期一
 工作時間 :2025-11-10 18:00 至 23:00 星期一
 工作時間 :2025-11-11 08:00 至 13:00 星期二
 工作時間 :2025-11-11 18:00 至 23:00 星期二
 工作時間 :2025-11-12 07:00 至 12:30 星期三
 工作時間 :2025-11-12 08:00 至 13:00 星期三
 工作時間 :2025-11-13 08:00 至 13:00 星期四
 工作時間 :2025-11-13 18:00 至 23:00 星期四
 工作時間 :2025-11-14 07:00 至 12:30 星期五
 工作時間 :2025-11-14 08:00 至 13:00 星期五
 工作時間 :2025-11-14 18:00 至 23:00 星期五
 工作時間 :2025-11-15 07:00 至 12:30 星期六
 工作時間 :2025-11-15 08:00 至 13:00 星期六
 所需人數 :1
 薪金 :80 時薪 兩星期銀行過戶
 聯絡人 :小思(K)褀線 電話:65232448 whatsapp:65232448
 簡介 :18歲或以上，如完全未做過飲食行業一律不接受上班，自備黑長褲＋黑長襪＋穿著防滑防油黑鞋上班 餐廳牛奶樽需留起，請勿掉棄 下班離開酒店前必須喺保安處再次登記！千祈唔好拎公司任何財物出酒店範圍。 若有發現，必定即時解僱",normal,IG,zh
"工作場所 :灣仔合和酒店宴會部(洗碗)
 工作時間 :2025-11-10 10:00 至 19:00 星期一
 工作時間 :2025-11-11 15:00 至 01:00 星期二
 工作時間 :2025-11-11 18:00 至 02:00 星期二
 工作時間 :2025-11-13 17:00 至 03:00 星期四
 工作時間 :2025-11-15 12:00 至 19:00 星期六
 薪金 :90 時薪 即日出現金
 聯絡人 :小程(A)(M1) 電話:65232448 whatsapp:65232448
 簡介 :自備黑色T 恤，包善食，有洗碗機和足夠人手，年滿18歲或以上，自備黑色長褲黑色防跣鞋，有經驗優先，*一定要有銀聯強積金卡和3個月住址證明先返到*主要工作：洗碗，收尾2小時會洗廚房。22-08時段是通宵洗廚房。01:00後06:00前有$25車錢。返工收工時間可商量！報更前要計好400，以免爆鐘。",normal,IG,zh
"工作場所 :中環四季酒店見工(宴會部)(侍應)
 薪金 :💥80-120時薪 💥兩星期銀行過戶
 
 工作簡介：一定要年滿18歲和要有東亞mpf卡，見工後大量$100hr工作，見完工後5個工作天可以返工，見工後可以返長鐘，報見工沒有出席，會影響將來接更
 
 見工時間：
 
 工作時間 :2025-11-08 15:00 星期六
 工作時間 :2025-11-15 15:00 星期六
 工作時間 :2025-11-22 15:00 星期六
 工作時間 :2025-11-29 15:00 星期六
 
 👇可以使用CDB小助手十秒註冊會員，之後可以即時報更，即日返得工，自選更期
 https://cdb.hk/inu
 
 👇可以用下面快捷鍵申請
 https://www.casualdb.com/job/search/68fc39fd8939c68fc39fd893d3
 
 可見工的請WhatsApp 65232448個人資料（中文全名，見工日子）進行報名
 
 聯絡人 :小程 電話:65232448
 可登入下面網址直接WhatsApp對話
 wa.me/85265232448",normal,IG,zh
"工作場所 :灣仔瑞吉酒店宴會部(侍應)
 薪金 :80 時薪 兩星期銀行過戶
 聯絡人 :小程(A)(M1) 電話:65232448 whatsapp:65232448
 簡介:收工簽名簽ming缐，否則冇糧出。不用分菜，冇經驗都返得，男仔主力負責傳菜，女仔負責做酒水和落餐，早中更最夜收24:00，收工時間唔定，冇生意會早收，如果不能收尾可以WhatsApp負責人商討。18歲以上帶黑色皮鞋（女仔要黑色有踭空姐皮鞋）+黑色長西褲+黑色長襪、身份證副本、出糧戶口副本、東亞mpf先可以返工",normal,IG,zh
"商廈/商場counter客戶服務代表 [尖沙咀] $18-22K *五天工作
 - 於商廈/商場counter提供優質客戶服務，解答客人詢問
 - 於10am-10:30pm輪班
 - 每天工作8小時，另有1小時食飯時間
 - 每星期工作5天，輪休
 - 年假12天，另有生日假，家庭假
 - 醫療福利，牙醫福利
 - 尖沙咀上班
 - 中五或以上程度
 - 無需經驗
 有意請將(1)履歷表(2)正面照發送至Whatsapp 9163 2318
 wa.me/85291632318",normal,IG,zh
"電話續約員 $17K-60K
 [ 屯門 / 九龍灣 ] Telesales, Call Centre
 - 致電聯絡現有客戶(warm call), 為他們的電訊服務(手機上台plan, 寬頻上網等)延續及更新合約
 - 每星期48小時(不包括飯鐘), 長短週
 短週: 星期一至五10am-9pm內輪班
 長週: 星期一至五10am-9pm內輪班 + 星期六12:30pm-6pm
 - 屯門 (近西鐵站) / 九龍灣
 - 首半年保證最少$17K (如到數或爆數, 月薪約$18-40K)
 - 年假14天
 - 無需經驗
 有意請將履歷表發送 sec@harmansearch.com 或 Whatsapp 9163 2318
 wa.me/85291632318",normal,IG,zh
"手機售貨員 [港九新界] $22-26K *無需經驗 Mobile Sales
 - 向客人推銷電子產品，如手機、平板電腦，以達到銷售目標
 - 協助店舖日常營運，提供優質客戶服務
 - 長週工作6天，短週工作5天
 - 每天工作8小時，飯鐘1小時
 - 於10am-10pm輪班
 - 銀行假期(補假)
 - 年假14天
 - 港九新界均有分店，成功聘用後 會再安排確實上班地點
 有意請將履歷表發送至Whatsapp 9163 2318",normal,IG,zh
"電商運營助理招聘
 職位詳情
 工作內容：
 1. 店鋪運營：商品上架、下架管理，店鋪頁面優化
 2. 營銷支持：協助策劃促銷活動，設置優惠券、折扣等
 3. 直播支持：熟悉電商直播流程，協助直播設備調試、現場協調
 4. 門店支持：偶爾需協助門店雜務（如貨品整理、搬運）
 
 任職要求：
 1. 熟練使用電腦及辦公軟件（Excel等）
 2. 具備基礎設計能力（如商品修圖、詳情頁排版）
 3. 體力要求：需搬運商品（男生或體力較好的女生優先）
 4. 語言能力：熟練粵語（日常溝通及直播支持需使用）
 5. 加分項：有Shopline操作經驗或電商直播經驗
 
 ——-
 
 
 ——-
 
 申請方式
 1. 發送簡歷至郵箱 senventures@gmaii.com 也可以加微信號 sensventures
 2. 郵件標題格式：電商運營助理應聘+姓名
 3. 附個人作品（如商品設計圖、Shopline店鋪案例等）",normal,IG,zh
"職位: 銅鑼灣利園名店保安員 (2名)
 工作職責︰店舖站崗,巡邏,人流控制 (負責正門開及關門）——五人鋪
 
 時間: 每日10.5小時
 
 月薪：每月 $17500—$18500 (1hour meal break,2x15mins break 每月四天輪休)
 
 工作類型: 全職
 
 工作時間：
 
 · 日班
 
 福利 ：醫療福利、年假7日、勞工假14日。
 
 工作經驗:
 
 · 保安: 1 年 (必要條件)
 
 語言: 流利廣東話,一般英語及普通話 (必要條件)
 
 執照/認證:
 
 QAS證書 (必要條件)
 
 保安人員許可證 (必要條件)
 
 有意申請者請將個人履歷於辦公時間發至whatsapp 56380451劉先生（請勿電聊）",normal,IG,zh
"職位：工業大夏夜更保安（1名）
 地區：灣仔
 
 職責：負責執行巡邏，出入口登記，遇緊急事件時，以專業的方式恰當處理。
 
 要求：流利粵語，持有效保安人員許可證、有效QAS證書，一般電腦操作，有急救證更佳。
 
 經驗：必需要有一年或以上保安督導經驗
 
 工作時間：每天12小時
 1900-0700
 
 薪酬： 每月 $16000（每周六天工作日）
 
 福利 ：醫療福利、年假7日、勞工假14日。
 
 有意申請者請email個人履歷至David.wong@macrotech.hk或辦公時間whatsapp 56959829黃先生查詢",normal,IG,zh
"地點：沙田
 工作時間：9:15am - 6:03pm (Mon-Fri) ；每星期工作44hrs
 
 工作職責：
 監控場地設備的日常系統操作；
 就錯誤修復問題與供應商進行協調和聯絡；
 為有需要人士之娛樂活動和計劃；為客戶提供措施的支援；
 處理場地活動和設施的設定；
 協助免費使用休閒設施的設定和測試；
 處理公眾的詢問和投訴，調查案件，起草答覆；
 履行部門分配的任何其他職責等。
 
 學歷要求：
 香港學士學位畢業或同等學歷或以上；
 會考/HKDSE之中英文達3或C級或同等學歷(如：中英文CRE達 Level 1等)；
 2年全職工作經驗；
 一般電腦操作及應用(e.g.: Microsoft office等)；
 流利及讀寫廣東話和一般英文及普通話；
 勤力、有禮守時；
 
 有意請將履歷電郵至hr@aplushrhk.com應徵。",normal,IG,zh
"全職倉務員(葵興區面包工場) (長短周假)
 
 職責 :負責倉務及執貨工作；跟單執貨、收貨發貨、材料分發, 入盒包裝等, 間中須送貨入凍房, 協助定期盤點，跟單入電腦等工作
 
 資歷 :中學畢業; 至少半年或以上全職倉務工作經驗; 一般粵語; 懂讀寫中文; 略懂讀寫英文;
 有食品工場全職倉務工作經驗優先,
 **必須懂得使用電唧車**
 
 待遇 :每月HK$15,000 - $17,000, 另有勤工獎金及膳食津貼, 生日假, 花紅
 上午9時至下午6時/上午10時至下午7時, 每週工作5-6天(長短周), 輪休, (每天工作 9 小時, 一小時有薪用膳時間)
 
 有經驗人士薪酬面議
 穿著制服、月結銀行轉帳供強積金
 
 申請須知 :求職者可致電52858020與麥菲有限公司聯絡。",normal,IG,zh
"工作範圍:
 處理病人登記、查詢、預約及收銀職務
 配藥、跟房
 協助及聯絡醫生
 協助診所日常運作及處理相關文書工作
 檢查和整理醫療用品存貨
 .
 要求:
 須具一年普通科或專科診所工作經驗
 須懂得使用 Clinic Solution 及中文輸入
 須與醫生及病人有良好溝通技巧
 能獨立處理工作及有良好團隊精神
 工作態度認真盡責、守時
 待客親切有禮誠實
 如有抽血/注射認可證書及相關經驗會優先考慮
 良好粵語﹑懂一般英語及普通話
 .
 工作時間:
 銀行假 (星期日及公眾假期休息)
 星期一至五: 11:00-20:00 (1.5小時午飯)
 星期六: 11:00-18:00 (1小時午飯時間)
 額外2天例假
 每星期安排平日一天收早 18:30
 薪資：薪酬範圍: $16000-$20000 (視乎經驗) . 其他： 超時補鐘 勤工獎金 醫療福利 員工購物優惠 在職專業培訓 晉升機會 有薪年假 婚假 產假 恩恤假 生日假 酌情性花紅",normal,IG,zh
"歡迎對面包生產行業有意人士～
 葵興面包工場招聘全職：
 招聘全職:
 -面包生產員，上班時間08-17/09-18
 -打面學徒/經驗打面員，上班時間08-17/09-18/10-19
 -烘焙中/小工，上班時間07-16/08-17
 -蛋糕製作員(中工)，上班時間09-18
 -包裝員，上班時間08-17/09-18/10-19
 -夜更包裝員，上班時間1700-2330 (返工首1-3天需要日更培訓1130-1800)
 -清潔員，上班時間07-16/09-18
 
 
 另聘(月結現金支票)：
 臨時兼職生產/包裝員(一至兩個月短期工作)，上班時間08-17/09-18/10-19、一周4-6天工作，星期六或日可上班優先
 -兼職清潔員(長期可返)，上班時間0700-1600/0900-1800，一周3-6天工作，無需經驗，星期六日可上班優先，時薪$60-65
 
 (沒有現金方式出糧)
 -全職職位每天9小時(8小時工作及1小時用膳)，一星期輪休一天
 -月薪按不同職位及經驗面議，另有勤工獎及膳食津貼
 
 -冷氣工場、在職培訓、穿著制服、站立工作、有需要時加班工作
 
 -月結銀行轉帳、須供強積金，必須年滿18歲
 有興趣人士可致電/WHATSAPP聯絡52858020預約面試或查詢",normal,IG,zh
"大量招聘地產代理/物業顧問
 職責 :
 一般客戶服務助理工作，處理分行之雜務，例如文件整理，列印樓盤紙之工作，負責分行之所有常務工作，填報的資料，消息發放等，需外勤工作，協助分行同事後勤，協助團隊聯絡客戶，售後服務，學習及熟悉有關地產運作，及更專業工作項目，接聽電話，接待客戶，更新分行門面及傳單資料，點收鎖匙，學習買賣程序，銀行轉介
 資歷 :
 中五學歷; 一般粵語; 懂閱讀中文
 待遇 :
 每月$12,000, 有勤工獎, 開單獎金, 入票獎金, 佣金, 每週工作6天,輪休, 每天工作 9小時
 申請須知 :
 求職者可致電9777 2600與利嘉閣地產有限公司李先生聯絡。
 薪資：薪資：待遇 : 每月$12,000, 有勤工獎, 開單獎金, 入票獎金, 佣金, 每週工作6天,輪休, 每天工作 9小時",normal,IG,zh
"職責 :
 協助牙科外展隊到各區提供口腔健康教育；
 協助social media品牌傳播 :
 中五程度; 良好粵語優先; 一般普通話; 一般英語; 懂讀寫中文; 略懂讀寫英文; 懂電腦文書處理; 懂中英文電腦操作; 具有基本電腦操作知識;
 為人誠懇有禮、工作細心、勤奮盡責、守時自律, 合作力求長期穩定為主。
 待遇 :
 1、外展活動每小時$50.00；
 2、social media工作計量，$30至$50每一篇文章。
 小時
 申請須知 :
 求職者可電郵(844583537@qq.com)履歷表給深圳善貝牙科，或直接WhatsApp聯絡：+852 57469293",normal,IG,zh
"誠聘大量包裝員多名，返星期一至六，長兼或兼職均可，每星期可返四天以上優先考慮，經驗不拘。
 地點：天水圍
 
 時間：9:00am-6:00pm
 
 主要職責： 遵循主管安排、 將包裝品分類貼上貼紙 、把貨品放好或一般簡單倉務包裝工作。
 
 日薪：女工$420
 男工$500
 
 出糧方式:星期一至星期日截數，逢星期五出糧 。
 
 前往方法：天水圍西鐵站B出口，乘K65巴士
 
 入職要求: ● 守時 ● 有責任心 ● 主動積極 ● 細心勤奮 ● 可隨時上班為優先 （必須年滿十八歲以上）
 
 如有興趣者可致電或WhatsApp:96124750查詢。",normal,IG,zh
"工作職責：
 開發票, 文件存檔, 資料輸入, 每月月結單列表, 銀行入票, 跟進供應商採購, 接聽電話, 採購文具及公司用品, 跟隨上級指示，執行被委派的工作
 入職要求：
 * 中六程度或以上 *
 *具2年或以上文職工作經驗 *
 *基本英語, 普通話 , 粵語*
 *懂中英文打字, 具基本電腦操作知識(包括:MS Excel)*
 *有良好溝通能力、細心、有禮、有責任感、守時、
 積極主動*
 
 求職者可發履歷至
 Whatsapp 96697277 或
 電郵至 hrqueens1@gmail.com
 等候回覆約見
 
 薪資：月薪14500, 年尾花紅, 法定公眾假期及勞工法例年假 工作時間：星期一至五, 9:30a.m-6:30p.m.",normal,IG,zh
"香港20年品牌！
 工作地點: 大圍，沙田，九龍及香港仔
 工作時間:9am-7pm，可彈性編更
 需要大量經驗人手
 有意WhatsApp 91873233/67347136
 可即時上班！",normal,IG,zh
"本崗位為公司直招崗位，非外包。
 【工作內容】
 1. 門店市場活動策劃與執行：負責策劃符合香港市場定位的門店活動，並監督執行；
 2. 社交媒體管理：負責社交媒體創意策劃，內容製作，發佈，用戶互動，閉環運營；
 （平臺包括但不限於：Instagram、Facebook、Youtube、Tiktok 等；內地社媒需要熟悉小紅書）
 3. 媒介：與香港地區達人建聯，並建立長期合作關係；
 4. 投放：Google, META, 獨立站推廣等的投放管理，數據檢測。
 5. 社媒數據安全與隱私保護：遵守當地的數據保護法規和隱私政策，確保用戶數據的安全和隱私保護，建立用戶信任和品牌形象。
 
 【崗位要求】
 1. 新聞、傳播、行銷、多媒體相關專業學士學位。3-5年以上海外媒體運營工作經驗，網感強且腦洞大，內容原創能力；
 2. 有豐富的市場營銷活動策劃和執行經驗，有線下門店的線上社媒傳播經驗；
 3. 優秀的粵語和英文水平，有很好的寫作能力。（粵語、普通話、英語應用熟練）；
 4. 有一定的文字功底，會根據突發熱點事件及熱門內容趨勢快速產出創意；
 5. 具備一定的圖片/視頻拍攝和後期處理能力（PS基礎，剪映）；
 6. 審美能力：熟悉小紅書、IG審美，可以根據需求創作出有質量的圖文內容；
 7. 能夠適應節奏較快的工作，善於溝通，有良好的組織協調能力，抗壓能力強；
 8. 瞭解香港本地推廣法律政策。
 
 薪資： 1、本崗位為公司直招，可接受居家+坐班的混合辦公模式，可選擇自由辦公； 2、香港居民優先考慮，熟悉香港當地風俗習慣。 3、上班地址：灣仔區銅鑼灣寶利園山道富大樓。 4、薪水：15000-30000/月。 5、五天工作制。 6、年假7天起。",normal,IG,zh
"Visual arts/Procreate Tutor課程導師
 教學語言: 中/英
 有意者請將CV電郵至hr @ hkcef . info，我們會定期安排免費培訓，並配對學校和崗位。
 薪資：每課程約10-15小時 $180-280/小時 (視乎學歷和經驗而定)",normal,IG,zh
"有無人要搵工呀🥹
 分貨員helper（可兼職）
 日薪：$1030（收工即出）
 時間：自己揀，自由報更
 地區：觀塘|荃灣|元朗|銅鑼灣| 沙田
 歡迎19歲以上，無需經驗，炒散，長期有意者請詢問WhatsApp: 54158224",fraud,Threads,zh
"炒散活動助理 $500 即日糧
 需協助擺設產品，介紹產品，點算貨物等
 要求： 守時，態度主動積極，06年或以上
 時間： 1000-1500 / 1500-2000
 （有20分鐘休息時間）每週2-4日 六日可返優先 
 有意請cap圖 WhatsApp‪+852 5327 7742‬聯絡",fraud,Threads,zh
"急招兼職|炒散跟單執貨員
 (唔使搬重野 ，易上手工作）
 時薪：95蚊一個鐘 (當日做完即出）
 地點：荃灣，觀塘，屯門，沙田，旺角
 （兼職可自由報更）
 歡迎19歲或以上申請，返五個鐘以上包膳食 
 有意請 WhatsApp 6908 5105",fraud,Threads,zh
"香港招盲盒包裝員❗❗❗
 崗位：盲盒包裝員
 地點：粉嶺/尖沙咀/深水埗/銅鑼灣
 時薪：$110（即日Pay）
 時間：早更9-14/夜更17-22（pt可自由報更）
 職責：將公仔/玩具包裝入盒、貼價錢標、點貨
 歡迎17歲以上/有愛好盲盒類嘅工作者
 有興趣WhatsApp：8415 0458",fraud,Threads,zh
"大量招聘 貼label標籤理貨員（兼職，炒散）
 時間：9:00am - 2:00pm（自由報更）
 時薪：$95（即日現金出糧）
 地點：尖沙咀 / 荃灣 / 觀塘 / 屯門 / 新蒲崗 / 將軍澳
 簡單工作，有人教，唔使搬重嘢
 歡迎無經驗，需19歲或以上，有責任心
 有興趣麻煩直接 WhatsApp：6908 5105",fraud,Threads,zh
"📢 招聘｜自提點理貨員（冷氣地方工作）
 🧊 冷氣環境｜無需搬重物｜簡單易學｜有人教
 
 🕘 上班時間：
 📅 日日有工開｜🕒 09:00 AM – 02:00 AM（彈性報更）
 
 💰 時薪 $95 / 鐘
 📆 當日出糧（現金／轉數快）💸 無拖糧！
 
 🧑‍💼 要求：
 ✅ 06年或以上
 ✅ 無需經驗｜肯學肯做｜有責任心即可
 
 📍 地點可選：
 尖沙咀｜荃灣｜觀塘｜屯門｜新蒲崗｜旺角｜將軍澳
 
 📲 有興趣即 WhatsApp 報名 👉4452 2428",fraud,Threads,zh
"招炒散 萬聖節活動展覽 即時開工優先
 職位：活動助手，攤位幫手，Store Helper
 地點：沙田新城市，HKCEC，MOKO
 24/10-6/11要人，先到先得
 公司提供衫，自備長褲波鞋
 $900人工、日結同Cash都🉐
 10am-6pm/12pm-8pm（自由報）
 1日返3個鐘或者1個禮拜返1日都得
 Setup展位，產品擺設，派禮品
 有意請聯絡ws 9154 3214",fraud,Threads,zh
"大圍倉要兩個(男女都可)
 自由報更
 早更(一至六)09-18$520即日Fps
 夜更(一，二，五，六)
 1900-2300$280即日fps
 
 明天開始將軍澳要兩個長散派件(男女都可)
 早上10點至晚上8點
 $5.5一件 即日糧
 Wts 6792 9975",fraud,Threads,zh
"（超缺人）即日開工優先！！
 萬聖節🎃 - 聖誕節🎅
 
 招聘：19歲以上男女
 📍 地點：新界九龍區
 💰 時薪 ：$80 包飯鐘
 🕥 時間：7am - 12pm
 可報一日，自己揀時間返
 
 🗂 工作：前台登記人數，後台記貨品
 Whatsapp 44643719
 
 #搵工 #請人 #兼職 #炒散",fraud,Threads,zh
"🎯 招聘 自提點幫手（長短期皆可）
 🧑‍💼 06年或以上即可申請
 💸 時薪 $95｜即日出糧（現金/過數）
 🕒 更期自選：
 早 09:00-16:00｜晚 15:00-22:00｜夜 19:00-02:00
 👟 衣著：長褲＋波鞋即可｜有提供制服
 📞 有興趣 WhatsApp：6908 5105",fraud,Threads,zh
"聽講Threads請人好Work。
 公司想搵多啲生意，我自己條marketing team請人。上司正常人！
 我都係00後，有冇人想做我同事！
 
 Fresh Grad都請！
 有文職經驗/自問醒目嘅Fresh Grad快啲DM我！🥹
 
 Account Executive (Full Time)
 工作內容：
 負責對客見客、處理Admin工作
 Cold/ Warm call客人
 我哋嘅客源主要係 政府機構、NGO、學校、教會✨
 
 ◆ 大學學位/ high dip 學歷
 ◆ 0-1年經驗 （歡迎Fresh Grad）
 ◆ 可以獨立工作、有基本Office知識
 ◆ 中、英說話及書寫能力
 
 ☆ Full Time 16K-17K up（視乎經驗）
 ☆ 有醫療保險、meal allowance
 ☆ Mon- Fri 9am-6am 準時收工！
 ☆ 深水埗區返工
 
 唔係詐騙、唔係保險、唔係傳銷！
 有興趣可以留名or dm 我！",fraud,Threads,zh
"聽講係threads 請人好易🙂‍↕
 想搵個戰友同我一齊打大佬🫱🏻‍🫲🏽
 
 Pt跟單文員/客服🐠
 工作地點：香港仔
 番星期一至六 10-3pm 同我齊上齊落
 最好有客服經驗 識中文 識打字 識吹水就得
 可以痴線可以多野講 最怕你太文靜
 無辦公室政治 無人事糾紛 番工開心又一日
 因為你真正嘅同事只有我一個😂
 如果有興趣可以pm我再傾傾🙌🏻
 好想同你一齊番工啊！！！！！👺",fraud,Threads,zh
"兼职招聘：電話資料核對員無經驗可投，時間靈活！
 
 歡迎無經驗“白紙”、在讀學生、有意轉行的朋友，無需相關經驗
 
 • 工作地點：觀塘海濱道，坐擁海景的辦公環境
 
 • 工作時間：週一至週五 10:30-17:30，支持隨時報更，時間靈活適配學生/轉行人群
 
 • 薪資待遇：時薪$60-$80（ 多勞更優）
 
 • 核心工作：通過電話核對基礎資料，流程簡單、易上手，無需複雜技能
 
 • 企業背景：深耕超30年的上市集團
 
  歡迎聯絡
 wts:65048478",fraud,Threads,zh
"唔想返悶工？我哋搵緊Marketing同Sales戰友！
 
 唔想朝九晚五？我哋明！🦹🏿‍♀
 
 📍 觀塘區 | ⏰ 返12-6 | 💻 彈性WFH | 🎉 準時收工係認真的！
 
 我哋係一間Marketing公司，氣氛輕鬆，最緊要大家有膊頭、有創意。6點後？間唔中就會變成Party Room！
 
 如果你係：
 ✅ 鍾意同人溝通，唔怕挑戰Sales
 ✅ 對Marketing有諗法，想試新橋
 ✅ 享受團隊合作，但又自律可以WFH
 ❌ 詐騙 保險 傳銷 倫敦金 kamL 
 
 立即DM我哋個PM，傾下你嘅想法！
 （附上履歷更佳）
 
 #請人 #招聘 #marketing職位 #sales職位 #觀塘請人 #wfh #彈性上班 #公司文化 #hkjob #hkmarketing",fraud,Threads,zh
"聽講threads好容易請到人
 想搵一個肯做事，負責任嘅兼職助手
 幫手管理店鋪
 負責排貨，執貨，檢查庫存
 時薪$100
 有興趣wts我5686 6820",fraud,Threads,zh
"誠聘 兼職 採購助理 / 文員
 上班時間:(9.00-22.00) 自由報更
 每日 3 小時起
 薪酬：$270 / 3 小時，薪金安排靈活
 
 🔸 簡單文書處理、資料登記
 🔸 協助日常採購工作
 🔸 需懂基本電腦及手機操作
 🔸 無需相關經驗，提供指導，容易上手
 
 📲 有興趣請聯絡
 https://wa.me/85252044790 (Kathy Yip)
 
 旺角 銅鑼灣 尖沙咀 中環 沙田 屯門 觀塘 元朗 大埔",fraud,Threads,zh
"🤗Marketing公司宜家請人啦🤗歡迎應屆畢業生
 我哋主要為唔同品牌做推廣🌐
 有唔同Road show同大型Event
 
 如果你係尋求年輕又快樂嘅工作環境✨
 同時又追求彈性嘅工作時間🕐
 
 PT時薪$80-120/h (每星期至少返到3-4日)
 FT 月薪$16k-20k (一個月返到24日)
 過Probation後薪金會再作調整💵
 
 夠18歲又搵緊工嘅你就啱晒啦
 歡迎加入我哋呢個大家庭🎊
 就算冇經驗都唔緊要 只要肯學就得💪🏻
 大家有興趣的話就歡迎comment or DM我啦😎",fraud,Threads,zh
"誠聘｜店舖 Sales（全職 / 兼職）
 
 全職：$25,000 + 津貼
 兼職：$100 / 小時（放工即 Pay）
 🕒 更期可揀：
 • 09:00 – 13:00
 • 13:00 – 17:00
 • 17:00 – 22:00（彈性更｜上幾日都得）
 
 有興趣 WhatsApp：6440 1678",fraud,Threads,zh
"🎉【急聘！Event Helper 活動助理】🎉
 🗓 工作期： 11月 – 12月
 ⏰ 時間： 09:00 – 21:00
 💵 時薪： $110 / 小時
 👥 年齡要求： 19歲或以上
 💼 工作內容：
 🔹協助介紹產品
 🔹幫忙入場登記
 🔹整理及擺放產品
 🔹接待同支援顧客
 
 😄 有笑容就得！無需經驗，免費培訓！
 📲 有興趣即刻 WhatsApp：5470 5926（Janice）",fraud,Threads,zh
"‼展覽會請人‼
 早更 09:00 - 13:00
 午更 13:00 - 17:00
 💰 $400／4個鐘（收工即出糧）
 🧾 工作內容：
 幫手擺設展品、整理物料
 工作簡單易上手，男女都可
 ✨ 要求：
 準時、細心即可（無需經驗）
 📲 有意者請 WhatsApp：9882 4175",fraud,Threads,zh
"哈囉各位朋友ฅ^•ﻌ•^ฅ～
 聽講【脆】呢度好多人都想搵工，仲見到好多係搵緊internship、promoter同sales marketing～機會嚟啦！
 我哋公司請sales assistants 喇！！🥺✨
 
 ✅ 只要你：肯學、唔怕醜（因為點都要對客㗎嘛）～
 ✅ 職位：全職 / 兼職 都歡迎！
 
 💰 薪金：
 全職：$15000 up + bonus💰
 兼職：$8000-$12000 + bonus💰
 
 有興趣連埋CV一次過DM我🙇🏻‍♂
 Dm wts 就會覆得最快✔",fraud,Threads,zh
"屯門（廣場）popup 💫
 請人 請人 請人 📣
 歡迎長期兼職或全職都可以🙇🏻‍♂
 人工：$80/hr
 🙌🏻 過咗試用期有晉升加人工
 ⭐ 工作時間：星期一至星期日～10:00-22:00 🕣 （可半日）
 （有興趣嘅話工作時間都可以大家再夾吓）
 ⭐有薪食飯時間1小時 😋
 🙋🏻‍♂ 有興趣可以IG pm我 或 wts 51458138
 
 #請人 #搵工 #helper #屯門市 #廣場",fraud,Threads,zh
"請 Event Helper and Promoter ✅
 跟Project 做Roadshow 同Event 
 （做宣傳）
 一禮拜5日工作
 
 Full time $16000-$23500
 Part time: $75-95/hours
 
 正經Human resource 公司，無意或者揾hea工匆擾！
 大專或以上學歷和有經驗者優先考慮🙌🏻有意dm",fraud,Threads,zh
"個客銀行請admin!!
 
 📍尖沙咀
 
 五 天工作，準時收工，21K，至少2年admin 經驗，學歷high dip 
 
 有興趣PM我哋啦🙌",fraud,Threads,zh
"【急招！Event helper｜能即開工！】
 📅11-12月短期
 
 時薪：$120+福利+津贴
 時間：09:00-13:00｜13:00-17:00｜17:00-22:00（ 彈性更）
 
 有意者WhatsApp：5470 5926",fraud,Threads,zh
"😣現在還有人找不到工作嗎？
 😣怎麼都不來找我呢？
 
 💼職缺名稱：自助店收幣員
 💼工作內容：到店的機器內收幣跟放幣
 💼正職薪資：50000/月
 💼兼職薪資：500/時
 💼上班時間：可彈性排班
 💼工作地點：盡量安排在住的地方附近
 💼休假制度：每週休二日（六、日）見紅休",fraud,Threads,zh
"請人！急請店舖 Sales Associate🙌🏻🙌🏻
 
 嚟緊有唔同service line!!!!所以想請sales🤣
 📍歡迎18至25歲大專大學生✔
 🖇時間：FT(至少24日）PT(至少3日）
 📎薪金：$8000-$12000+大量bonus 
 
 最緊要肯學肯做唔怕羞🉐
 
 有興趣或者有frd搵緊工都可WhatsApp或者Ig dm🔛",fraud,Threads,zh
"賣場訂單超多的😭幫幫我
 急徵：賣場跟單助理
 薪資：250/小時（日結）
 遠端工作/不限地區/需成年
 不需要相關工作經驗兼職工作",fraud,Threads,zh
"揾醒目爽手香港人同事🇭🇰🙋🏻‍♀🙋🏻‍♂
 有幫手聖誕禮盒癡label,無任何經驗🤗
 做完即日出糧，環境又有冷氣❗
 
 薪資:115蚊/鐘,時間: 有包飯鐘
 09:00-17:00 
 13:00-21:00 
 17:00-01:00
 
 歡迎試工一日也冇問題😎,日日有工開
 有意直接whatsapp 9214 1753",fraud,Threads,zh
"🎅聖誕前招聘Event backup負責後備工作
 🔔有冇人有興趣了解下？？
 
 主要係擺展品、攤位支援、同維持下現場秩序
 4個鐘就收工 $440，收工即出 
 時段：09:00-13:00 / 13:00-17:00
 無需經驗，細心準時就得，男女都得
 
 我地都係炒散性質，好上手
 有興趣 WhatsApp：6424 8650",fraud,Threads,zh
"Threads驚爆請人‼‼‼‼‼✅
 招聘聖誕節活動助理 沙田/灣仔/旺角
 開工日期：2/11-31/12
 時薪：$100（收工即出，現金糧）
 10:00-18:00，12:00-20:00 自由揀自由報
 （每日約8小時，含1小時食飯時間）
 歡迎白紙 可以試工 男女都得 有禮 態度良好
 有意者請聯絡ws 9154 3214",fraud,Threads,zh
"全能的脆
 
 想請part time PA
 📌時間：一星期返兩至三日 
 📌地點： 牛頭角
 時薪可商議 ( 視乎工作經驗）
 
 📍主要工作
 🧷負責日常文書工作
 🧷負責招聘工作（如登廣告，接約面試生及安排面試行程等等） 
 
 有意請pm 再傾
 
 #請人 #搵工 #招聘 #新工 #Recuit #文職 #兼職",fraud,Threads,zh
"請人🚴Event helper Needed
 
 日期：15/10-31-10
 
 時間：0900 - 1800 (返工時間可商議）
 
 地點：朗豪坊
 
 時薪：$100/hr
 
 Dress code:公司有提供衫，自備黑色長褲，波鞋
 
 如有興趣歡迎Wts 6134 4061
 
 兼職 #請人",fraud,Threads,zh
"知名銀行分行CS 
 🤍 welcome fresh grad, 空姐/酒店/sales轉行 
 ‼ 五天工作 🤚🏻 
 
 📑 1-year contract (renewable) 
 🕘 830AM-530PM(mon-fri) / 
 830AM-1PM (sat) *其中5日
 📍中環 / 太古城分行
 💰 18-20k up (視乎經驗)
 
 ▪ 招待客人、進行分流
 ▪ 協助客人使用自助機服務
 ▪ 解答一般查詢
 
 🗣 流利英文、普通話 
 🗣 good CS skills. 
 
 📩 Pls send CV to 98557721. 
 https://wa.me/98557721",fraud,Threads,zh
"大角咀（近奧海城）popup 💫
 請人 請人 請人 📣
 歡迎長期兼職或全職都可以🙇🏻‍♂
 人工：$80/hr
 🙌🏻 過咗試用期有晉升加人工
 ⭐ 工作時間：星期一至星期日～10:00-22:00 🕣 （可半日）
 （有興趣嘅話工作時間都可以大家再夾吓）
 ⭐有薪食飯時間1小時 😋
 🙋🏻‍♂ 有興趣可以IG pm我 或 wts 95536845
 
 #請人 #搵工 #helper #奧海城 #大角咀",fraud,Threads,zh
"‼展覽會請人‼ 目前大量缺人手 🫡
 半更 09:00-13:00 日$400 個鐘100
 半更 13:00-17:00 日$400 個鐘100
 （日日都要人 一至七）4-8個鐘都可以
 擺設展品，協助維持秩序，處理展覽期間的物料統計及整理
 男女亦可 經驗不拘 好易上手 包飯
 有意請直接Whatsapp 9882 4175",fraud,Threads,zh
"請人 請人 請人
 我地請緊Part time Counter Service Officer‼
 香港大型Banking 🏦
 
 💰HKD 92/hr
 📍工作地點：馬鞍山
 🕘銀行營業時間
 
 ✅主要做櫃檯交易
 ✅1年合約（renewable)
 
 每月至少工作 40 小時
 相關經驗優先考慮‼
 
 📫歡迎DM or send CV to https://wa.me/85255063910 (55063910)",fraud,Threads,zh
"📢 📢📢 Threads召集‼
 
 搵緊 part-time 嘅你睇過嚟！
 我哋請緊 👉🏻「倉務助手＋執貨分貨員」👩🏻‍💻👨🏻‍💻
 唔難做，夠chill✌🏻
 
 你會做啲咩？
 份工超chill又唔hea，返工就係分貨、執貨、點貨～（無需交際、唔洗sell嘢）
 
 📍屯門 上水 觀塘 灣仔 沙田
 ⏰ 09：00—01：00
 日日可以返，每日最少4個鐘
 💰 時薪 HKD$90
 
 有興趣？
 💌 DM我 或 WhatsApp 👉🏻 6412 6994
 
 📎快D tag 你啲搵part-time嘅friend 一齊嚟🫶🏻",fraud,Threads,zh
"需要一班可靠、醒目又肯做嘅Event Helper！
 9:00-13:00 ／11:00-14:00／13:00-17:00 
 時薪$110 4個鐘至8個鐘任揀 
 活動檔期 28/10-20/11 結束！
 制服＋膳食＋茶水＋冷氣環境
 場地乾淨、有Show氣氛
 
 有意請 WhatsApp：97803417",fraud,Threads,zh
"哈囉各位朋友ฅ^•ﻌ•^ฅ～
 聽講【脆】呢度好多人都想搵工，仲見到好多係搵緊internship、promoter同sales marketing～機會嚟啦！
 我哋公司請sales assistants 喇！！🥺✨
 
 ✅ 只要你：肯學、唔怕醜（因為點都要對客㗎嘛）～
 ✅ 職位：全職 / 兼職 都歡迎！
 
 💰 薪金：
 全職：$15000 up + bonus💰
 兼職：$8000-$12000 + bonus💰
 
 有興趣連埋CV一次過DM我🙇🏻‍♂
 Dm wts 就會覆得最快✔",fraud,Threads,zh
"✨蛋撻包裝員✨
 （可全職/兼職）
 時薪：$85（即日出糧）
 時間：早更9-14/夜更17-22
 地區：荃灣/粉嶺/沙田/元朗/九龍
 📌職責：主要包裝蛋撻/貼label/檢查食品衛生
 📌福利：全更額外津貼100蚊/提供工服/交通津貼
 💥歡迎大學生溫兼職/年齡須滿17
 📱👉🏻有意WhatsApp；7099 4279",fraud,Threads,zh
"有冇d正常人搵緊工❓‼
 唔該嗰d安排咗返工嘅唔好搞失蹤喇，又話急要返工，安排咗又失蹤 ？宜家香港咁難搵到正常人返工⁉【真搵緊工嘅可以搵我、唔覆嘅 好心 唔該 唔好打攪喇🚫】
 
 活動helper 📍新界/九龍（包飯鐘）
 時薪 90蚊、即日出糧⚠唔拖數
 可以報一日、一日3鐘以上、自由報更
 19歲以上WhatsApp 44643719",fraud,Threads,zh
"自提點 男女店務員|急聘大量人手‼ 
 職責：掃碼入庫，接收速遞同商品，拆袋安排貨物上架
 
 即日出糧✅ 現金糧✅ 銀行過數✅
 人工：早更120/鐘 | 午更125/鐘 | 夜更130/鐘
 
 時間：日頭9點-凌晨3點 （自由報更）
 地點：油尖旺，元天屯，深水埗，葵涌，上水，港島，沙田
 福利：包膳食，1個鐘食飯休息，歡迎白紙，06年就返得
 
 lx歡迎試工whats app：6424 9926",fraud,Threads,zh
"工搵人！！ #marketing 
 
 Marketing Executive
 📍地點：九龍灣
 🧾要求：
 1至兩年marketing經驗
 FG also welcome
 💸人工：18k - 22/23k
  主要處理：social media, content, exhibition, etc
 幾個唔同嘅行業範疇都有，算係agency亦都係in-house
 
 有意請WhatsApp 9499 0428 Michael",fraud,Threads,zh
"有無人要搵工呀🥹
 分貨員helper（可兼職）
 
 日薪：$1030（收工即出）
 時間：自己揀，自由報更
 地區：觀塘| 荃灣| 元朗| 銅鑼灣｜沙田
 歡迎19歲以上，無需經驗，炒散，長期
 有意者請詢問WhatsApp: 54158224",fraud,Threads,zh
"急需人手‼聽講喺 threads好易請到人 ‼
  Pop-up Store兼職店務員請人‼
 📍 旺角/灣仔/屯門/啟德
 📅 11月起
 ⏰ 10:00 - 22:00（時間可議）
 💰 $800/日 可現金/過數🔥
 
 ✅ 19歲以上
 ✅ 每週最少1日
 ✅ 有禮貌・有責任心
 
 📲 有興趣 DM / Wts 6412 6994
 幫手轉發比啱嘅朋友🙏🏻💬",fraud,Threads,zh
"🌈【急招！活動助理🔥即開工】🌈
 📅 11–12月短期｜🕒 彈性更｜💰 時薪$110＋獎金
 
 ✨ 亮點夠晒吸引！
 ✅ 無需經驗｜即教即識做
 ✅ 做得多＝獎金多
 ✅ 靚場地活動｜識人增人脈
 ✅ 時間彈性｜學生/兼職都啱
 
 🎁 額外福利
 🎉 免費活動/品牌小禮物
 ⭐ 表現好有推薦信
 🍽 團隊飯局＋宵夜全包
 
 🚀 想做即報！
 📲 WhatsApp：5470 5926（Janice）
 📝 傳：「活動超人 + 姓名 + 可上班日」
 
 ⏳ 名額緊張！快人一步就係你～",fraud,Threads,zh
"仲有第二個option🎉
 
 都係輕鬆簡單工作～
 $100個鐘，冇錯係$100❗❗❗
 
 食品展覽 Event Helper👀～
 
 主要工作都係簡單嘢：
 介紹下展板吖同埋協助食品活動進行～
 
 日期：7月7日到9月7日 
 時間：09:00 - 21:00🕒
 
 優先考慮✨：
 返到晒日子✅
 識基本粵語/普通話✅
 誇張髮型/紋身❎
 
 有興趣留言DM我ws：9506 4797🫶🏻",fraud,Threads,zh
"聽講threads請人好驚爆‼‼‼
 需要數位（快閃店店務助理）炒散
 開工有提供制服，自備長褲波鞋
 $95/鐘（日結同Cash都得）
 地點：灣仔/九龍/天水圍
 9am-6pm/12pm-9pm（自由報更）
 有興趣直接WhatsApp：9285 5450",fraud,Threads,zh
"🎂 迷你蛋糕製作 / 包裝員 招聘中！ 🍰
 
 💰 時薪 $110／鐘（收工即日出糧）
 📍 地點：沙田｜元朗｜觀塘｜荃灣
 🕒 時間：
 早班：9:00 - 16:00
 夜班：16:00 - 23:00
 
 📞 有意請WhatsApp：4493 8846
 麻煩註明“申請迷你蛋糕包裝”",fraud,Threads,zh
"香港註冊公司5月份招聘
5月份工作4-7日
合符公司資格者人工5-10萬up
不影響正職工作上班上學
兼職人士 學生 家庭主婦都可以參加
有正職工作者優先錄取
快啲wtsapp :61950794 candice 🍬
",fraud,X,zh
"📚【漫畫簡體轉繁體校對員】
全遠端｜周休二日｜論件薪10K～120K🔥
把中國漫畫轉成台灣繁體字✨
邊追漫邊賺錢不是夢～
💼 無須經驗，照格式操作即可
#遠端工作 #兼職 #漫畫控必看",fraud,X,zh
緬甸高薪招聘熟練電信工程師/客服專員，月薪 5-10 萬人民幣，包吃住，提供簽證及機票，立即入職，經驗者身價更高達 54 萬元。,fraud,X,zh
四川/廣東木工速招！柬埔寨金邊酒店裝修項目，月薪 8000-12000 元人民幣，包機票住宿，經驗 3 年以上優先，工作 3 個月簽長期合約。,fraud,X,zh
在家遠距工作！故事配音員招募，無經驗可，時薪 100-200 元，提供腳本錄音，錄製後直接結算，適合學生/上班族兼職。,fraud,X,zh
中國移動外包客服專員，北京/深圳高薪招，月薪 8000-15000 元，朝九晚五，需查 3 年社保記錄，斷繳少於 6 個月者優先，包五險一金。,fraud,X,zh
"美國科技公司招軟體工程師，年薪 $120,000，遠距可，需付培訓費 500 美元驗證，經驗 2 年以上，立即入職提供 H1B 簽證支持。",fraud,X,zh
"加密錢包公司招 NodeJS 開發者，年薪 $100,000，遠距工作，提供腳本下載測試，經驗者優先，結算需驗證錢包地址。",fraud,X,zh
新加坡科技公司直招客服專員，月薪 1.2-1.8 萬人民幣，遠距面試，經驗不限，提供機票及住宿，入職後簽長期合約，針對中國/台灣護照持有者優先。,fraud,X,zh
"新西蘭本地公司招行政助理，年薪 NZ$70,000，內定優先但需走合規程序，遠距申請，面試後立即入職，提供簽證支持，適合有 2 年經驗者。",fraud,X,zh
"中環 FinTech 初創招數據輸入員，月薪 $25,000，WFH，需先登入公司雲端驗證身份，遠距簽約，包年終獎金。v",fraud,X,zh
銅鑼灣日式餐廳急招全職侍應，時薪 $65-$80，小費日結，無需經驗，面試當場試工，需付 $300 按金。,fraud,X,zh
"觀塘工業大廈招倉務文員，月薪 $16,000-$19,000，包膳食，需先轉帳 $800 買制服及開通系統，當日入職。",fraud,X,zh
"尖沙咀連鎖美容中心招顧問，底薪 $20,000 + 無上限佣金，無經驗培訓，入職即簽約，需帶身份證正本面試。",fraud,X,zh
"九龍倉集團直招客服，月薪 $18,000 起，朝九晚五，需先掃描二維碼下載內部 App 面試，港鐵直達，包雙糧。",fraud,X,zh
"中環寫字樓直招行政助理，月薪 $22,000-$28,000，無經驗可，遠距面試，入職前需付 $500 培訓費，MTR 站 1 分鐘，包 OT 津貼。",fraud,X,zh
"第一太平戴維斯物業管理有限公司
早更高級保安員/保安員
中環區商廈
早更0730 – 1630時
9小時工作，每周工作6天，勞假輪休。
月薪HK$18,000至HK$19,000（視乎職位及經驗而定），另加酌情性花紅，試用期後有醫療咭，7天年假。
每月經銀行自動轉賬準時出糧，工作穩定，不調盤。
學歷不拘，3-4年經驗，公司提供在職培訓。
一般商業大廈保安工作，日常巡樓，協助處理緊急事故，穿著制服。
流利廣東話、一般英語及普通話。
必須持有效保安人員許可證及QAS證書。
能即時上班者優先。
有意者請致電2949 0538與伍先生聯絡。",normal,Unknown,zh
"Job: 青衣凍倉 - 坐鏟/倉務

Pay: $700-800/day

Contact: WhatsApp 54285463",normal,Unknown,zh
"Job: 第一太平戴維斯 - 高級保安員/保安員

Location: 中環商廈

Pay: $18,000-19,000/month

Contact: 2949 0538 (伍先生)",normal,Unknown,zh
"Job: 倉務跟車

Pay: $17,000/month (包勤工，獎金)

Contact: 9843 3833 / 5994 0009 (劉小姐)",normal,Unknown,zh
"Job: 招聘寵物司機

Requirements: 需自備車輛, 1,2號駕駛執照",normal,Unknown,zh
"Job: 旺角桌球會場務員 (晚班)

Shift: 18:00-04:00

Contact: 94925814 蘇生",normal,Unknown,zh
"泰西東南亞cafe
工作地點
尖沙咀.銅鑼灣
-店長
薪金面議 視乎經驗
另設勤工1000
管理獎金2000
-副經理23000起
另設勤工1000
管理獎金1000
-*每天工作時間9小時(另6O分鐘飯鐘）
-*包福食
-*生日假
-*無需落場
-*有薪假期
-*有營業獎金
-*有加班津貼
-*滿3個月後有大假
生日假,生日利是
-*每月6日假期
-*有良好晉升機會
-*隨工作表現調升薪金
-*同事容易相處、和諧 
****即時上班優先****
有意請WhatsApp 
相關工作資料
: 67972397",normal,Unknown,zh
"空缺: 大量
編號 :
23-25-0019623 MI
日期 :
07/11/2025
職位 :
護理員**
公司/僱主名稱 :
百樂護老院有限公司
地區 :
土瓜灣
行業 :
其他社區及社會服務業
職責 :
協助院舍住客的個人衞生護理，包括洗澡、如廁、換片、牙齒及口腔護理、刷牙、洗頭、剪髮、穿脫衣服和整理儀容、剃鬚、修剪指甲等;為院舍住客陪診及送診; 照顧院舍住客日常生活起居，包括餵食、扶抱、位置轉移、轉身等
資歷 :
小六程度; 一般粵語; 略懂讀寫中文
待遇 :
每月$15,500, 有超時工作津貼(夜班休息時間: 20:00-21:00,24:00-01:00,5:00-6:00), 上午7時至下午7時或下午7時至上午7時, 每週工作6天,輪休,每天工作9小時(間中需要超時工作1小時), 日班休息時間: 08:00-09:00,12:00-13:00,17:00-18:00
申請須知 :
求職者可致電96883232與百樂護老院有限公司李小姐聯絡。
備註 :
** 僱主可就此職位空缺申請參加「中高齡就業計劃」，歡迎中高齡求職人士應徵。",normal,Unknown,zh
"空缺: 1 個
編號 :
11-25-0016441 TE 兼職
日期 :
28/10/2025
職位 :
幼稚園普通話老師**
公司/僱主名稱 :
瑪利亞蒙特梭利教育機構有限公司
地區 :
天后
行業 :
教育服務業
職責 :
負責教學生中文 聽、說、讀、寫 ; 協助課堂安排(考獲普通話水平測試二甲或以上優先)
資歷 :
專上教育：文憑/證書; 1年經驗; 一般粵語; 良好普通話; 懂讀寫中文; 完成合格幼稚園教師培訓課程; 持有學位教師教育文憑; 普通話達母語程度 ; 良好中文書寫技巧，有愛心，有良好和孩子交流技巧，有責任感
待遇 :
每小時$80.00 - $100.00, 星期一至五: 上午8時至中午12時及星期六: 上午8時半至下午1時, 每週工作5天至6天, 每天工作 4-4.5 小時
申請須知 :
求職者可電郵(hr@icms.edu.hk)履歷表給瑪利亞蒙特梭利教育機構有限公司。如要索取收集個人資料聲明, 請與周先生(Email)聯絡。
備註 :
** 僱主可就此職位空缺申請參加「中高齡就業計劃」，歡迎中高齡求職人士應徵。",normal,Unknown,zh
"空缺: 2 個
編號 :
22-25-0028457 AC 兼職
日期 :
28/10/2025
職位 :
兼職會計兼行政文員**
公司/僱主名稱 :
W OFFICE LIMITED
地區 :
荔枝角,新界
行業 :
商用服務業
職責 :
會計簿記、財務月結表、資料輸入、對數、計成本、文書工作; 需外勤工作及派駐客戶公司工作
資歷 :
中五程度; 5年經驗; 良好粵語; 懂讀寫中文; 略懂讀寫英文; 懂Microsoft Office; 懂MS Excel; 懂英文打字; 懂中文打字; 懂使用會計軟件(MYOB, Peachtree, Xero)優先
待遇 :
每小時$70.00 - $80.00, 有每小時超時工作津貼$80, 星期一至五: 上午9時至下午2時, 每週工作1天至3天
申請須知 :
求職者可電郵(woffice.ask@gmail.com)履歷表給W OFFICE LIMITED。如要索取收集個人資料聲明, 請與黃女士(Email)聯絡。
備註 :
** 僱主可就此職位空缺申請參加「中高齡就業計劃」，歡迎中高齡求職人士應徵。",normal,Unknown,zh
"空缺: 1 個
編號 :
32-25-0018609 SA 兼職
日期 :
28/10/2025
職位 :
兼職STEAM銷售員**
公司/僱主名稱 :
ACAO (HK) LIMITED
地區 :
火炭
行業 :
商用服務業
職責 :
透過不同渠道, 接觸客戶群(學校/機構/個人), 介紹STEAM課程; 跟進及解答客戶, 達到課程報名目標; 收集市場意見及協助團隊優化推廣策略; 負責一般文書工作; 需外勤工作
資歷 :
專上教育：文憑/證書; 2年經驗; 良好粵語; 一般普通話; 良好英語; 懂讀寫中文; 懂讀寫英文
待遇 :
每小時$80.00 - $150.00, 上午10時至下午5時半, 每週工作2天至3天,輪休, 每天工作 4 小時
申請須知 :
求職者可電郵(recruit@acao.com.hk)履歷表給ACAO (HK) LIMITED。如要索取收集個人資料聲明, 請與歐小姐(Email)聯絡。
備註 :
** 僱主可就此職位空缺申請參加「中高齡就業計劃」，歡迎中高齡求職人士應徵。",normal,Unknown,zh
"空缺: 1 個
編號 :
35-25-0024962 SK 兼職
日期 :
04/11/2025
職位 :
倉務員**
公司/僱主名稱 :
華發集團有限公司
地區 :
葵涌
行業 :
進出口貿易
職責 :
負責日常倉務工作
資歷 :
沒有學歷要求; 良好粵語; 懂讀寫中文; 懂使用手唧車或電唧車
待遇 :
每小時$100.00, 星期一至五: 上午9時至下午1時, 每週工作5天
申請須知 :
求職者可致電23204888與華發集團有限公司趙先生聯絡。
備註 :
** 僱主可就此職位空缺申請參加「中高齡就業計劃」，歡迎中高齡求職人士應徵。",normal,Unknown,zh
"空缺: 2 個
編號 :
21-25-0018630 CK 兼職
日期 :
05/11/2025
職位 :
兼職工程文員**
公司/僱主名稱 :
浩成建築工程有限公司
地區 :
觀塘
行業 :
建造業
職責 :
一般文書工作 (包括文件存檔、資料輸入、複印等)；地盤工作進度和編製記錄報告等；需戶外工作 : 工程拍照記錄, 到銀行, 交標等；協助各部門處理特派工作；接聽電話，提供客戶支援 (懂簡單POINTPOINT/AUTOCAD/PHOTOSHOP優先)
資歷 :
中三程度; 1年經驗; 良好粵語; 一般普通話; 一般英語; 懂讀寫中文; 略懂讀寫英文; 懂電腦文書處理; 懂Microsoft Office; 懂中文打字; 懂AutoCAD; 工作細心、有責任感；有維修工程經驗優先；工作表現良好, 可轉為全職
待遇 :
每小時$60.00 - $80.00, 星期一至五: 上午9時半至下午6時, 每週工作3天至5天, 每天工作 4 - 6 小時
申請須知 :
求職者可電郵(admin@bsuccess.co)履歷表及期望薪酬給浩成建築工程有限公司。如要索取收集個人資料聲明, 請與韓小姐(Email)聯絡。
備註 :
** 僱主可就此職位空缺申請參加「中高齡就業計劃」，歡迎中高齡求職人士應徵。",normal,Unknown,zh
"空缺: 1 個
編號 :
22-25-0029425 CL 兼職
日期 :
06/11/2025
職位 :
兼職清潔員**
公司/僱主名稱 :
THE 'STAR' FERRY CO LTD
地區 :
尖沙咀
行業 :
運輸業
職責 :
負責觀光輪上客艙、傢俱、座椅、洗手間、餐飲服務間、甲板、駕駛室、儲存艙等衞生消毒、打掃、清潔和相關雜務工作(包括存艙貨品搬運)等; 負責碼頭辦公室清潔工作
資歷 :
小六程度; 6個月經驗; 良好粵語; 略懂讀寫中文
待遇 :
每小時$65.00, 上午8時至中午12時或下午1時至下午5時, 每週工作4天,輪休, 每天工作 4 小時
申請須知 :
求職者可致電21186227與THE 'STAR' FERRY CO LTD李小姐聯絡。
備註 :
** 僱主可就此職位空缺申請參加「中高齡就業計劃」，歡迎中高齡求職人士應徵。",normal,Unknown,zh
"空缺: 大量
編號 :
22-25-0029253 WT 兼職
日期 :
06/11/2025
職位 :
兼職侍應**
公司/僱主名稱 :
群順有限公司
地區 :
港九新界
行業 :
飲食業
職責 :
一般樓面工作：負責為客人點餐、傳菜、結帳及操作收銀機、擺設及收拾餐桌、服務客人等
資歷 :
沒有學歷要求; 1年經驗; 一般粵語; 懂讀寫中文
待遇 :
每小時$55.00 - $80.00, 上午11時至下午4時或下午5時至下午10時, 每週工作4天至5天,輪休, 每天工作 4 - 5 小時
申請須知 :
求職者可致電67103700與群順有限公司廖小姐聯絡。
備註 :
** 僱主可就此職位空缺申請參加「中高齡就業計劃」，歡迎中高齡求職人士應徵。",normal,Unknown,zh
"空缺: 大量
編號 :
22-25-0029255 CO 兼職
日期 :
06/11/2025
職位 :
兼職廚房助理**
公司/僱主名稱 :
群順有限公司
地區 :
港九新界
行業 :
飲食業
職責 :
負責預備及製作食材、支援或負責烹調米線食品、處理水吧/外賣訂單、協助清潔廚房及廚房一般雜務
資歷 :
沒有學歷要求; 1年經驗; 一般粵語; 略懂讀寫中文
待遇 :
每小時$55.00 - $80.00, 上午11時至下午4時或下午5時至下午10時, 每週工作4天至5天,輪休, 每天工作 4 - 5 小時
申請須知 :
求職者可致電67103700與群順有限公司廖小姐聯絡。
備註 :
** 僱主可就此職位空缺申請參加「中高齡就業計劃」，歡迎中高齡求職人士應徵。",normal,Unknown,zh
"空缺: 2 個
編號 :
35-25-0025364 TE 兼職
日期 :
07/11/2025
職位 :
功課班及專科班導師**
公司/僱主名稱 :
思啟卓越有限公司
地區 :
青衣
行業 :
教育服務業
職責 :
教導學生功課，檢查功課，維持課室秩序，教授小一至小六中文、英文、數學知識，製作工作紙，基本文書等等
資歷 :
中七程度; 良好粵語; 良好普通話; 良好英語; 懂讀寫中文; 懂讀寫英文
待遇 :
每小時$70.00 - $110.00, 星期一至五: 下午4時至下午8時及星期六: 上午10時至下午4時, 每週工作3天至6天, 每天工作 2 - 4 小時, 無需超時工作
申請須知 :
求職者可致電36890586與思啟卓越有限公司黃小姐聯絡。
備註 :
** 僱主可就此職位空缺申請參加「中高齡就業計劃」，歡迎中高齡求職人士應徵。",normal,Unknown,zh
"空缺: 1 個
編號 :
11-25-0016908 CL 兼職
日期 :
07/11/2025
職位 :
辦公室清潔員**
公司/僱主名稱 :
CASH FINANCIAL SERVICES GROUP LIMITED
地區 :
銅鑼灣
行業 :
金融業
職責 :
負責清倒垃圾, 吸塵, 淋花, 洗杯, 清潔辦公室範圍
資歷 :
沒有學歷要求; 良好粵語; 懂讀寫中文
待遇 :
每小時$70.00 - $75.00, 星期一至五: 上午9時半至下午1時半, 每週工作5天
申請須知 :
電郵(recruitment@cash.com.hk)履歷表給CASH FINANCIAL SERVICES GROUP LIMITED。如要索取收集個人資料聲明, 請與卓小姐(Tel: 22878949)聯絡。
備註 :
** 僱主可就此職位空缺申請參加「中高齡就業計劃」，歡迎中高齡求職人士應徵。",normal,Unknown,zh
"空缺: 1 個
編號 :
33-25-0014842 CL 兼職
日期 :
07/11/2025
職位 :
清潔員**
公司/僱主名稱 :
傑信吊機有限公司
地區 :
流浮山
行業 :
建造業
職責 :
負責寫字樓及戶外工場一般清潔(包括廁所清潔)
資歷 :
沒有學歷要求; 良好粵語優先; 一般普通話; 懂讀寫中文; 略懂讀寫英文
待遇 :
每小時$70.00, 星期一至六: 上午8時至中午12時, 每週工作6天, 每天工作 4 小時
申請須知 :
求職者可傳真(23227611)或電郵(kitshun1982@gmail.com)履歷表給傑信吊機有限公司。如要索取收集個人資料聲明, 請與嚴女士(Tel:62273779)聯絡。
備註 :
** 僱主可就此職位空缺申請參加「中高齡就業計劃」，歡迎中高齡求職人士應徵。",normal,Unknown,zh
"空缺: 1 個
編號 :
33-25-0015007 LA 兼職
日期 :
07/11/2025
職位 :
半職一級工友 (職位編號︰CAH1/WM250519/251103)**
公司/僱主名稱 :
仁愛堂
地區 :
元朗
行業 :
福利機構
職責 :
負責清潔、庶務及外勤等工作
資歷 :
小六程度; 良好粵語; 懂讀寫中文; 具清潔及庶務工作經驗優先
待遇 :
每月$7,929(視乎學歷工作經驗而定), 上午7時至下午8時, 每週工作3天,輪班,輪休, 每天工作 9 小時, (每週工作27小時)
申請須知 :
求職者可電郵(job@yot.org.hk)履歷表給仁愛堂。如要索取收集個人資料聲明, 請與湯小姐(Email)聯絡。
備註 :
** 僱主可就此職位空缺申請參加「中高齡就業計劃」，歡迎中高齡求職人士應徵。",normal,Unknown,zh
"空缺: 1 個
編號 :
21-25-0018861 AC
日期 :
07/11/2025
職位 :
會計文員**
公司/僱主名稱 :
新華旅遊有限公司
地區 :
觀塘區
行業 :
商用服務業
職責 :
負責處理日常會計工作 ; 協調其他部門的會計事宜；如有需要，處理主管指派臨時任務
資歷 :
中五程度; 1年經驗; 良好粵語; 良好普通話; 一般英語; 懂讀寫中文; 略懂讀寫英文; 懂MS Excel; 持有LCC中級證書; 懂中英文電腦操作; 工作積極主動、有責任感、能承受工作壓力
待遇 :
每月$13,000 - $15,000, 有銀行假期 及晉升機會, 星期一至五: 上午9時至下午6時, 每週工作5天, 每天工作 9 小時
申請須知 :
求職者可電郵(hr@hksunflower.com)履歷表給新華旅遊有限公司。如要索取收集個人資料聲明, 請與黃小姐(Email)聯絡。
備註 :
** 僱主可就此職位空缺申請參加「中高齡就業計劃」，歡迎中高齡求職人士應徵。",normal,Unknown,zh
"空缺: 2 個
編號 :
22-25-0029551 LA 兼職
日期 :
07/11/2025
職位 :
搬運工**
公司/僱主名稱 :
宏利建材貿易公司
地區 :
深水埗
行業 :
零售業
職責 :
負責跟車, 搬運英泥沙,上料及清泥頭,主要負責推車仔
資歷 :
沒有學歷要求; 1年經驗; 一般粵語; 懂閱讀中文; 有相關經驗優先
待遇 :
每日$900.00 - $1,000.00, 星期一至六: 上午8時至下午6時, 每週工作1天至6天, 每天工作 10 小時
申請須知 :
求職者可致電94000379與宏利建材貿易公司許女士聯絡。
備註 :
** 僱主可就此職位空缺申請參加「中高齡就業計劃」，歡迎中高齡求職人士應徵。",normal,Unknown,zh
"空缺: 1 個
編號 :
12-25-0022314 SK
日期 :
07/11/2025
職位 :
夜班倉務員**
公司/僱主名稱 :
四海環球食品有限公司
地區 :
黃竹坑
行業 :
其他製造業
職責 :
負責上貨, 配貨;一般倉務工作;需體力勞動工作;清潔工場
資歷 :
沒有學歷要求; 1年經驗; 一般粵語; 略懂讀寫中文; 略懂讀寫英文
待遇 :
每月$15,000 - $16,500, 有超時工作津貼, 勤工獎金, 年假8天, 銀行假期 及生日假, 下午8時至上午5時半, 每週工作6天,輪休
申請須知 :
求職者可致電21087567與四海環球食品有限公司洪小姐聯絡。
備註 :
** 僱主可就此職位空缺申請參加「中高齡就業計劃」，歡迎中高齡求職人士應徵。",normal,Unknown,zh
"空缺: 大量
編號 :
12-25-0022432 MA
日期 :
07/11/2025
職位 :
高級主任/分店主任**
公司/僱主名稱 :
一粥麵
地區 :
柴灣,北角,小西灣,鴨脷洲,西環
行業 :
飲食業
職責 :
負責確保分店樓面及水吧日常運作暢順; 督導及培訓屬下員工以達至公司水準要求
資歷 :
中三程度; 1年經驗; 良好粵語; 懂讀寫中文; 具1年或以上餐飲業經驗
待遇 :
每月$13,100 - $15,400, 有超時工作津貼, 在職培訓, 醫療福利, 供膳食, 晉升機會 及交通津貼, 上午6時半至下午10時半, 每週工作6天,輪班,輪休, 每天工作 9 小時
申請須知 :
求職者可致電26017816與一粥麵黃小姐聯絡。
備註 :
** 僱主可就此職位空缺申請參加「中高齡就業計劃」，歡迎中高齡求職人士應徵。",normal,Unknown,zh
"空缺: 1 個
編號 :
12-25-0022186 MI
日期 :
07/11/2025
職位 :
本地油船船主兼加油員**
公司/僱主名稱 :
大興行(香港)有限公司
地區 :
香港仔,大角咀,長洲
行業 :
零售業
職責 :
負責操作本地油船，到油庫取油及派送至公司各船站；日常油品裝卸，船隻清潔及保養工作
資歷 :
小六程度; 5年經驗; 良好粵語; 略懂讀寫中文; 持有船上貨物處理基礎安全訓練課程證明書（藍咭）; 持本地二級船長及三級輪機操作員牌照
待遇 :
每月$18,000 - $20,000, 有每小時超時工作津貼$100 及酌情性花紅, 上午8時至翌日上午8時, 每週工作3天至4天, 輪休, 每天工作 24 小時, 間中需要超時工作; 返一天休息一天 / 返二天休息二天
申請須知 :
求職者可致電28733078與大興行(香港)有限公司黃小姐聯絡。
備註 :
** 僱主可就此職位空缺申請參加「中高齡就業計劃」，歡迎中高齡求職人士應徵。",normal,Unknown,zh
"洗衣工場📣📣📣📣📣
荃灣區 工場
急聘 ‼️請女摺衫員 
月結現金票出糧
星期一至日 (6天工作)
$60/h 起
如需要其他時間亦可以 
歡迎WhatsApp查詢55019668。
簡單易做 要有身份證(假證免問)",normal,Unknown,zh
"銅鑼灣串燒居酒屋
誠聘兼職廚房 （中工）
時薪$70-75/起 視乎工作經驗（可現金)
兼職上班時間:
午市：11:00-15:00 4小時工作
有意Whatsapp/pm：鄭生61896117",normal,Unknown,zh
特別歡迎上咗年紀的來應聘 💰💰急聘全職💰💰 旺角桌球會場務員 晚班下午 06:00-凌晨 04:00 無需經驗，輕鬆又穩定工作 手板眼見功夫，肯做就請 有興趣可WHATSAPP / 致電 9492 5814 蘇生查詢,normal,Unknown,zh
"青衣 凍倉 坐鏟 13-22$800，8-5 $750 倉務 13-22 $700 星期一至六 WhatsApp 54285463""",normal,Unknown,zh
"📌【 金鐘 - 萬豪酒店Jw The Loung 】📌
🌈職位： 樓面侍應
💰時薪：$80 (供東亞強積金)
💰出糧方式：逢星期四過戶出糧
❗️：一定要有東亞強積金
⏰ 返工時間 ⏰
♊11月8日 星期六
🔺1200-2130
🔺1330-2300
♊11月9日 星期日
🔺1130-2100
♊11月10日 星期一
🔺1200-2130
🔺1330-2300
♊11月11日 星期二
🔺1330-2300
♊11月12日 星期三
🔺1330-2300
♊11月13日 星期四
🔺1200-2130
🔺1330-2300
♊11月143日 星期五四
🔺1200-2130
🔺1330-2300
♊11月15日 星期六
🔺1200-2130
🔺1330-2300
♊11月16日 星期日
🔺1200-2130
🔺1330-2300
➖➖➖➖➖➖➖➖➖➖
❤️ 酒店派上身制服，返工請自備黑西褲黑色皮鞋黑色襪
如有興趣返工請盡快連貼文聯絡Whatsapp：
💄Eirwen ：5626 7768💄
💍Yvonne：9378 4283💍",normal,Unknown,zh
"🌟🌟 電子倉務員(有冷氣)📦📦
 地點：葵涌3號碼頭
 早班： 星期一至五 9am-6pm🕘🕕 
 月薪: $13250/月(已包勤工)
 5️⃣天工作，負責執貨，搬貨等工作，需要用槍執貨及用嘅車倉務經驗，懂基本英文電腦操作
 福利：MPF，7日大假，銀行假期
歡迎致電📞/WhatsApp📳: 9360 2262/5500 7787/6337 7383",normal,Unknown,zh
"荃灣日式餐廳招聘，(要落場) 歡迎新移民，新畢業，新入行的你加入我們：
全職打河傳菜員 $面議
水吧甜品員 $面議
和食學徒 $16500起
全職清潔洗碗員 1 名 - $70/鐘
兼職清潔洗碗員 1 名 - $70/鐘
星期一至四 12:00-15:00
星期五 12:00-15:00 17:30-22:00
星期六日及公眾假期 12:00-16:00 17:00-22:00
兼職侍應 $65起
12:00 - 15:00 / 18:00 - 22:00
星期六/日 12:00-16:00 17:00-22:00
我們提供以下福利
1/ 每月例假
2/ 7-12日有薪年假
3/ 每月小費
4/ 勤工獎
5/ 免費員工膳食
有意者請直接 whatsapp 91639768
安排預約面試。",normal,Unknown,zh
"第一太平戴維斯物業管理有限公司 早更高級保安員/保安員 中環區商廈 早更0730 – 1630時 9小時工作，每周工作6天，勞假輪休。月薪HK$18,000至HK$19,000（視乎職位及經驗而定），另加酌情性花紅，試用期後有醫療咭，7天年假。每月經銀行自動轉賬準時出糧，工作穩定，不調盤。學歷不拘，3-4年經驗，公司提供在職培訓。一般商業大廈保安工作，日常巡樓，協助處理緊急事故，穿著制服。流利廣東話、一般英語及普通話。必須持有效保安人員許可證及QAS證書。能即時上班者優先。有意者請致電2949 0538與伍先生聯絡。",normal,Unknown,zh
"招臨時男演員 Challenge挑戰主題影片拍攝 要求: 16歲或以上, 願仔 歡迎中學生、大學生或非華裔人士參與 (絕無任何色情或任何標露成分) 拍攝時間: 約2個鐘左右,可就model時間 車馬費:可以提供返$1000,現金即時出 地點:旺角/佐敦 日期: 11月9日(星期日) 有興趣請DM近照/comp card, 或Add TG:@Hk246810",normal,Unknown,zh
"荃灣（串燒）全職廚房（白紙）$18500-$20000 視乎經驗 有相關經驗可議 全職 14:00-24:00 -6日例假 -14日勞工假 -7日大假 有良好晉升機會，後生仔檔 簡單易做 有意請洽Louis 電話：61055552WhatsApp""",normal,Unknown,zh
"我哋請人啦！健身教練（需識講粵語同英文）
我哋 清水灣 Coach and Cook Fitness 大招人才！
大招識講廣東話同英文健身教練！
呢個此係你, 而且你又想勝於健身群體？快啲嚟穩我哋啦！
有意者請電郵 lovelymae@ggcoach.online 或 WhatsApp 6302 9996
We're Hiring! 💪 Bilingual Personal Trainers
Coach & Cook Fitness (Clearwater Bay) is expanding! We need talented trainers fluent in English AND Cantonese.
Help us build a stronger, healthier community.
Interested?
📧 lovelymae@ggcoach.online
📞 6302 9996",normal,Unknown,zh
"📣尖沙咀-瑰麗酒店 聘請兼職樓面侍應📣
📍 招聘職位：兼職樓面侍應（後生仔女檔）  
💼 基本要求：18歲或以上  
💰 時薪：$80/小時（每週出糧，銀行轉帳）  
⚠️特別日子可達$100-$120/小時
✨ 為何選擇我們？  
✅ 面試安全，私隱有保障  
- 直接到酒店內見工，資料保密，入職更安心  
✅ 彈性排更，靈活選擇  
- 早更、午更、夜更、通宵更自由選擇  
- 適合學生、打工族，輕鬆配合個人時間  
✅ 穩定收入，高薪吸引  
- 全日更可達 $1000+/日，工作 20 日可達 $20,000+  
- 靈活安排，兼職也能有高收入  
⏰ 工作時間參考  
- 早更：06:00-09:00 至 18:00-24:15  
- 午更：11:00-17:00 至 19:00-24:15  
- 夜更：18:00-19:00 至 24:15-04:00  
- 通宵更：23:00-24:00 至 04:00-08:00  
✅ 即報即返，無需長期合約  
- 彈性更期，想返就返，隨時搵錢  
✅ 免費員工餐  
- 提供酒店級膳食，省錢又方便  
🎯 簡單工作，無壓力  
- 主要負責出餐、收碟、酒水服務
按指示工作，易上手  
⚠️ 儀容要求  
- 男生需剪短頭髮  
- 女生不可塗指甲油或Gel甲  
- 鮮艷髮色需染回黑色  
📩 查詢及報名：請WTS聯絡6181 0121 朗
📌 名額有限，立即行動
",normal,Unknown,zh
"裝貨員 機場航班裝卸員 裝飛機板/裝飛機箱 處理出口貨物

早07:30-17:30 $700 中13:00-23:00 $720 夜22:30-08:30 $760

剷車手 航班裝卸 裝飛機板/裝飛機箱 處理出口貨物

核對提單號碼 點數 釘網 機場國泰貨運站 返工時間：

07:30-17:30 $800 13:00-23:00 $830 22:30-08:30 $890

星期糧 現金糧 要先上堂考取禁區證 有專人培訓 上堂有津貼$1000

有興趣歡迎預約安排面試 WhatsApp 9789 9814鄭先生",normal,Unknown,zh
"尖沙咀高級會所Bar🍾無需經驗 聘請拳手PartyGirl 時薪800一小時
自由選擇上下班時間
無需做過 協助保持氣氛亦可 歡迎試工一樣即日現金出糧
Whatsapp : 68916537",normal,Unknown,zh
"【深水埗麥當勞】McCafé 咖啡師（夜班）
時薪$50-$55（視乎可上班時間）
工作內容:
• 調配McCafé義式咖啡, 茶類飲料及製作食品
• 維持McCafé的日常營運
• 提供優質顧客服務
• 收銀及櫃檯管理
• 簡單清潔及維護保養工作
歡迎致電/Whatsapp 61102622 馬小姐查詢
申請人所提供的資料將保密
免費膳食 / 彈性上班時間 / 有薪培訓 / 良好晉升階梯 / 持續進修計劃 / 員工六折優惠 / 公司
員工活動",normal,Unknown,zh
"職位：倉務員
人工：$600
地點：荃灣(快遞物流倉有冷氣)
時間：基本星期一至六9:00-18:00
工作內容：過機，分貨，跟單執貨
💡簡單英文，基本電腦操作
出糧方式：星期糧，逢星期一出",normal,Unknown,zh
"職位：倉務員 $640 加班每小時$70
地點：葵涌大窩口 （電子貨倉）
時間：星期一至六 08:00-18:00
🤩包一餐午飯
內容：流水式生產/入箱/組裝
💪能夠加班者更佳
出糧方式：星期糧；逢星期三戶口過數，或逢星期五現金",normal,Unknown,zh
"職位：男倉務員
人工：$660 (連勤工)
地點：大埔工業村（有冷氣食品工場）
時間：星期一至六08:00-18:00 
🤩包一餐午飯
👍🏼有食品廠房經驗優先
工作內容：拉貨，回收蛋托，洗機
出糧方式：星期糧；逢星期二出",normal,Unknown,zh
"工場清潔工作
地區：葵涌（兼職）
日期：逢星期一至六
時間：星期一至五：7:00-11:00(4小時)
星期六：7:00-12:00(5小時)
薪金：$8200/月
工作：吸塵、拖地、倒垃圾、清抹設備、洗廁所、清潔茶水間等等
電話： 9089 1150 蕭小姐",normal,Unknown,zh
"工場加辦公室清潔工作
地區：屯門
日期：逢星期一至五
時間：7:30-8:30(1小時)
薪金：$2600/月
工作：吸塵、拖地、倒垃圾、清抹設備、洗廁所、清潔茶水間等等
電話： 9089 1150 蕭小姐
",normal,Unknown,zh
"Job: 招聘以下職位

Contact: WhatsApp 55007787

Position: 倉務員(化妝品)(有冷氣)

Location: 葵興樂業工業中心",normal,Unknown,zh
"Job: 元朗白沙村冷氣倉 - 坐鏟

Location: 近山下建材

Pay: 09:00-18:00 $750, OT$85",normal,Unknown,zh
"Job: 荃灣串燒 - 全職廚房（白紙）

Pay: $18,500-$20,000

Description: 視乎經驗",normal,Unknown,zh
"香港展覽會請人
 截止日直到聖誕節前 
半更 09:00-13:00 日$440  
半更 13:00-17:00 日$440 
（日日都要人 一至七）4-8個鐘都可以
擺設展品，協助維持秩序，物料統計及整理
男女亦可 經驗不拘 好易上手 包飯
有意請直接Whatsapp 44919649",normal,Unknown,zh
"Job: 頌安清潔員工

Pay: $14,300

Benefits: 約滿酬金6%, 颱風津貼

Contact: 46786544 陳小姐",normal,Unknown,zh
"請炒散Christmas Event Helper｜即日開工優先
開工日期：6/11-31/12，公司提供衫，自備長褲波鞋
時間：10:00-18:00 / 12:00-20:00（自由揀，自由報）
一日返三個鐘都得，一星期返一人日都得
日薪：$900（收工即出，現金出糧）
工作內容：設置展位、擺設產品、派發單張或禮品
無需經驗｜歡迎白紙｜可試工｜男女都得
有意者請聯絡 WhatsApp 9154 3214",fraud,Unknown,zh
"Job: 招香港陪讀媽媽 - 照看小朋友

Pay: $220-250/hour

Contact: WhatsApp 5946 8532",fraud,Unknown,zh
"Job: 現金外快 - 即日做完即pay現金

Pay: HK$20,000-80,000 一日做完",fraud,Unknown,zh
"Job: 倉務員 (兼職/炒散)

Pay: $95/hour, 即日pay

Shifts: 09:00-17:00 or 18:00-02:00",fraud,Unknown,zh
"急！急！急！請大量兼職炒散封箱貼Label員 收工即出
早更 09:00-17:00 日$960  個鐘120
中更 16:00-00:00 日$960  個鐘120
通宵 00:00-08:00 日$960  個鐘120
（日日都要人 一至七）短炒4-5個鐘都可以
封箱 貼上標籤或條碼（唔使搬重物）
*包膳食 包飯鐘 車費津貼  男女亦可 經驗不拘 好易上手 
-*環境整潔舒適及有冷氣 有車接送
-*土瓜灣,深水埗,新蒲崗,旺角,沙田,上水,荃灣,觀塘,葵青,元朗
有意請直接Whatsapp 67774251",fraud,Unknown,zh
"Job Title
貼Label/執貨員
(Labeling / Picker)

Job Type
長返/兼職/臨時工/炒散 (19歲以上)
(Long-term / Part-time / Temporary / Casual work (19 years old and above))

Description
簡單易上手, 無需搬重物, 歡迎白紙
(Simple and easy to learn, no need to move heavy objects, beginners welcome)

Work Schedule & Pay
自由報更 / 按鐘計、自己揀時間返
(Flexible scheduling / Paid by the hour, choose your own work time)

早更 (Morning Shift): 07:00-13:00 $700 / .100
午更 (Afternoon Shift): 15:00-21:00 $800 / .110
夜更 (Night Shift): 23:00-05:00 $900 / .120
Benefits (福利)
無嘢做可以坐
(Can sit when there is no work to do)
包個飯鐘同膳食/膳食
(Includes paid meal break and meal)
通宵津貼, 交通津貼等
(Overnight allowance, transportation allowance, etc.)
Locations (地點)
九龍城 (Kowloon City)
灣仔 (Wan Chai)
上水 (Sheung Shui)
北角 (North Point)
赤柱 (Stanley)
旺角 (Mong Kok)
深水埗 (Sham Shui Po)
黃大仙 (Wong Tai Sin)
觀塘 (Kwun Tong)
葵青 (Kwai Tsing)
沙田 (Sha Tin)
將軍澳 (Tseung Kwan O)
屯門 (Tuen Mun)
荃灣 (Tsuen Wan)
柴灣 (Chai Wan)
香港仔 (Aberdeen)
Other Information
即日開工 💰 現金出糧 經驗唔拘
(Start same day 💰 Paid in cash, No experience required)

Contact Information
6412 4626 (Penny)",fraud,Unknown,zh
"Job: 美聯物業屯門團隊 - 地產新星招募

Description: 無老土規矩！無沈悶Office！後生熱血團隊

Keywords: ""零經驗？正呀！""",fraud,Unknown,zh
"我呢度要請男女幫手癡聖誕禮盒label
做完即日出糧，環境又有冷氣❗️
人工：$115蚊/鐘 hr up
時間: （包1鐘帶薪食飯時間) 
09:00-17:00 920蚊/日
13:00-21:00 960蚊/日
17:00-01:00 1000蚊/日
時間唔啱可以自己揀,日日有工開
Part time炒散/全職都冇問題
唔好hea做,歡迎試工一日也冇問題
歡迎無任何經驗，白紙都冇問題🤩
有意直接whatsapp  6417 2764",fraud,Unknown,zh
"急！急！急！請大量兼職炒散封箱貼Label員 收工即出
早更 09:00-17:00 日$960  個鐘120
中更 16:00-00:00 日$960  個鐘120
通宵 00:00-08:00 日$960  個鐘120
（日日都要人 一至七）短炒4-5個鐘都可以
封箱 貼上標籤或條碼（唔使搬重物）
*包膳食 包飯鐘 車費津貼  男女亦可 經驗不拘 好易上手 
-*環境整潔舒適及有冷氣 有車接送
-*土瓜灣,深水埗,新蒲崗,旺角,沙田,上水,荃灣,觀塘,葵青,元朗
有意請直接Whatsapp 67774251",fraud,Unknown,zh
"⚠️ 招聘 (Hiring)
Job Title
倉務員
(Warehouse Clerk)

Job Description
主要處理禮盒訂單, 執貨
(Mainly handles gift box orders, picking goods)

Pay Rate
$100-120/鐘
($100-120/hour)

Work Shifts
早班 (Morning Shift): 07:00~13:00
中班 (Afternoon Shift): 15:00~21:00
夜班 (Night Shift): 23:00~05:00
Benefits
包飯鐘 (Paid meal break)
基本膳食 / (Basic meal provided)
交通津貼都有 (Transportation allowance also included)
Contact Information
WhatsApp: 44643719",fraud,Unknown,zh
"尖沙咀高級會所Bar🍾無需經驗 聘請拳手PartyGirl 時薪800一小時
自由選擇上下班時間
無需做過 協助保持氣氛亦可 歡迎試工一樣即日現金出糧
Whatsapp : 68916537",fraud,Unknown,zh
"「✨南記粉麵店鋪招聘✨」
📣銀行轉帳出糧，冇現金糧📣
副廚總管$22150 起（要有廚房管理經驗
油麻地、大角咀、尖沙咀、西環、將軍澳廚房主任$18100起
油麻地、大角咀、長沙灣、中環、上環、將軍澳廚務員$17000起
黃埔夜更收銀$14700 起
尖沙咀早更收銀$14700 起
全職福利: 營業獎金,年終獎金,勤工獎,新人獎,跨區津貼$1000，有薪年假,法定假期,醫療福利，包兩餐
（Whatsapp 69028913）
請註明應徵職位",fraud,Unknown,zh
"20歲或以上急需搵錢❓
即pay現金外快💼
$20000-8萬港幣
全部一日做完出糧💰
有興趣ws📲:63604656
#現金糧 #急住搵錢 #即日出糧",fraud,Unknown,zh
"炒散機會嚟啦‼️請聖誕節label員 
現金糧‼️即日出糧‼️無需經驗‼️
 職位：癡 Label 員（Part Time / 炒散）
時薪：HKD$115蚊-125蚊/鐘 hr up
🕒 時間段（任揀時段 / 每日最少4小時）：包飯鐘
 • 09:00 - 17:00
 • 13:00 - 21:00
 • 17:00 - 01:00
 一至日都有工開返！時間彈性
工作簡單輕鬆，坐定定貼label
男女不苟,歡迎白紙
有興趣即刻 WhatsApp  6417 2764",fraud,Unknown,zh
"禮盒助手‼️
負責整理聖誕禮盒/聖誕禮物入盒裝盒
🕥時間： 4-6鐘 09:00-13:00 / 16:00-20:00 / 18:00-22:00
地區：新界/九龍/港島（多數近地鐵）
時薪：HKD$90-100蚊/鐘hr up
即日出糧‼️做完立即出糧，環境又有冷氣❗️
一星期可返1-7日,日日有工開
越快手越早收,無需搬搬抬抬
男女不苟,试工一日都冇问题👍
有意WhatsApp 9214 1753",fraud,Unknown,zh
"鮮花工廠工作員
《 大量招聘 》
地點：沙田、元朗、尖沙咀、觀塘、粉嶺、荃灣
職責：收貨，點貨，發貨，整理鮮花貨倉
早更：10:00-15:00 | $780/日
夜更：17:00-00:00 | $850/日
福利：包飯飲、1小時有薪午饍
無需經驗，即日PAY
有意者請WhatsApp：6204 0659",fraud,Unknown,zh
"20歲或以上想搵兼職❓
即pay現金外快💼
$20000-8萬港幣
部分工作預先出糧💰
有興趣ws📲:63604656
#現金糧 #急需搵錢 #即日出糧",fraud,Unknown,zh
"Event活動幫手（超缺人）即日返工！！
有冇人有興趣幫手商場/攤位活動,無任何經驗🤗
招聘：Event活動幫手 / 攤位助手
🗓日期 ：1/11 至 31/12
📍 地點：荃湾 / 青衣/ 黄大仙 / 將軍澳 / 觀塘 / 旺角 / 屯門 / 沙田/ 元朗 / 上水
💰 時薪：$100-115 即日出糧（現金/銀行過數)
🕥 時間： 10:00-1800 / 12:00-20:00 / 14:00-22:00 包飯鐘
自己揀時間,最少4個鐘,一星期一日都得
dress code要求:簡單tee,長褲波鞋
有意歡迎Whatsapp  9074 8645 詢問",fraud,Unknown,zh
"大量聘請花店雇员  炒散/兼職
即日出糧 / 支付寶或過數
早更:10:00-16:00  $720/日
夜更:17:00-24:00  $840/日
旺角/元朗/灣仔/觀塘/沙田/荃灣
（可以隨時返工優先）
（清點貨品/唔需搬重嘢/簡單易上手/唔需要經驗）
WhatsApp 即刻報名：6204 0659",fraud,Unknown,zh
"招聘‼️幫手禮盒分貨（長期兼職）
職責：主要負責分貨入禮盒，貼lable
早更：07:00-13:00 $700\日 $100\鐘
午更：15:00-21:00 $800\日 $110\鐘
凌晨：23:00-05:00 $900\日 $120\鐘
（可以自由報更）（唔使搬重物）
有意請WhatsApp 65464933",fraud,Unknown,zh
"觀塘鴻圖道 倉務員
10:00至22:00（自由報閒）
$95 /時薪
簡單倉物工作，簡單易做
有意請電6424 3735",fraud,Unknown,zh
"提供搵錢機會
現金 8萬 至 15萬
單身/離婚 即時收錢
wa.me/85256050309",fraud,Unknown,zh
"招聘男女時間自由彈性
現金出糧 單身/公屋合適
三日可批20萬
Whatsapp：47157772",fraud,Unknown,zh
"自提點 男女店務員|急聘大量人手！！
職責：掃碼入庫，接收速遞同商品，拆袋安排貨物上架
(即日出糧/現金糧/銀行過數)
人工：早更120/鐘 | 午更125/鐘 | 夜更130/鐘
時間：日頭9點-凌晨3點 （自由報更）
地點：油尖旺，元天屯，深水埗，葵涌，上水，港島，沙田
福利：包膳食，1個鐘食飯休息，歡迎白紙，06年就返得
mll歡迎試工whats app：5438 7586",fraud,Unknown,zh
"POP MART 包裝員（長職炒散）
日薪: 700蚊
時間:  9.00-16.00
地點：荃灣，觀塘，屯門，沙田，旺角
職責: 负责打包、贴标签、封箱、出货准备
歡迎新來港人士，畢業生，工作輕鬆上手，超時津貼
有意請Wts : 9379 9457",fraud,Unknown,zh
"Event（超缺人）即日返工！！
有冇人有興趣幫手商場/攤位活動,無任何經驗🤗
招聘：商場活動幫手 / 攤位助手
🗓日期 ：1/11 至 30/11
📍 地點：荃湾 / 青衣/ 黄大仙 / 將軍澳 / 觀塘 / 旺角 / 屯門 / 沙田/ 元朗 / 上水
💰 時薪：$100-115 即日出糧（現金/銀行過數)
🕥 時間： 10:00-1800 / 12:00-20:00 / 14:00-22:00 包飯鐘
自己揀時間,最少4個鐘
有意歡迎Whatsapp  9074 8645 詢問",fraud,Unknown,zh
"POP MART 包裝員（長職炒散）
日薪: 700蚊
時間:  9.00-16.00
地點：荃灣，觀塘，屯門，沙田，旺角
職責: 负责打包、贴标签、封箱、出货准备
歡迎新來港人士，畢業生，工作輕鬆上手，超時津貼
有意請Wts : 9379 9457",fraud,Unknown,zh
"收工即出 現金出糧/過數出糧
「分貨/貼label 🌈倉務員」
男女均可，06年以上，有人教易上手
自由報更，可報一日（試工）/最少4個鐘
07.00am - 05.00am（自由報更,自己揀時間返）
105蚊/鐘、440蚊/4鐘、1030蚊/8鐘
‼️主要幫手貼lable、分貨、入盒
一個鐘休息時間，交通津貼，有冷氣
有意WhatsApp：65464933",fraud,Unknown,zh
"灣仔HKCEC（超缺人）即日返工！！
有冇人有興趣幫手會展helper,無任何經驗🤗
招聘：Event Helper / 攤位助手
🗓日期 ：25/10 至 30/11
📍 地點：多數灣仔HKCEC /觀塘/旺角/屯門/沙田
💰 時薪：$100-115 即日出糧（現金/銀行過數)
🕥 時間： 10:00-1800 / 12:00-20:00 / 14:00-22:00 包飯鐘
自己揀時間,最少4個鐘
Whatsapp 9480 0914",fraud,Unknown,zh
"招高達模型包裝
薪酬：一個鐘110蚊
時間：8.00-13.00/14.00-19.00
地點:   旺角，火炭，粉嶺，觀塘，沙田
職責：负责打包、贴标签、封箱、出货准备
工作簡單/無需經驗/男女不拘
有意請PM Whatsapp：7026 3804",fraud,Unknown,zh
有興趣WhatsApp 6412 4626 貼Label/執貨員 長返/兼職/臨時工/炒散(19歲以上) 簡單易上手，無需搬重物 歡迎白紙 即日開工 現金出糧 早 07:00-13:00 $700 午 15:00-21:00 $800 夜 23:00-05:00 $900 福利：無咁做可以坐 包個飯種問膳食/膳食津貼 交通津貼，新人福利等 WhatsApp 6412 4626 (Penny,fraud,Unknown,zh
"招收線上推廣兼職人員  
免進公司報到 全台皆可兼職  
零風險 台中多家實體店面營登公司  
營業多年 經驗豐富獲取更多專業知識  
無成本 只需發文 賺取高收入  
一隻手機即可賺錢 輕鬆兼職最佳好選擇",fraud,Unknown,zh
"招人～  
1、在家工作（地點、時間都彈性）  
2、社恐人士歡迎福音：可以打字聊天、也可以視訊、語音  
3、有做一定有賺的！！",fraud,Unknown,zh
"良好工作條件：  
・放學後在家工作  
・彈性自由時間  
・不用做麥當勞這麼辛苦的工作  
・宣傳好的話收入不錯",fraud,Unknown,zh
"想喺自己舒適區入面賺取更多收入？  
Dropshipping：以供應商價採購產品，無需庫存、無需倉租。  
馬上開始，打造屬於你嘅網上生意",fraud,Unknown,zh
"招聘緊  
（網上採購助理）  

【招聘對象】  
✅ 香港居民 / 永久居民 優先考慮  
✅ 年齡及背景不限 — 歡迎各類人士申請  
✅ 適合家庭主婦、學生、兼職人士及求職者  
✅ 無需相關工作經驗 — 本公司將提供全面培訓  
✅ 只需具備基本英文理解能力，便可依照簡單步驟完成工作",fraud,Unknown,zh
"兼職工作：聊天管理員  

- 彈性工作時間  
- 合理薪酬  
- 可在家工作  

✅ 立即申請",fraud,Unknown,zh
"簡翻繁  
人員招募中  

將簡體小說轉換做繁體  
喺屋企做嘢，自由又彈性  
自備手機 or 電腦  
⭕ 需成年 ⭕ 無經驗可  

薪金：稿酬會視作品質量去計算",fraud,Unknown,zh
Hi 我係 Mandy～而家急聘網上打字員📝 屋企用手機打手稿圖片，日薪 $600-$1800💰 1000字=$200，任務自己揀！入職即領任務，包教會🤝 即刻加 WhatsApp 了解：+852 6134 7791,fraud,IG,zh
"【遠程文員招聘】主要打啲舊文件入電腦，4-5小時搞掂 $800+💸 無經驗都得，有老師一對一教！只限香港人，有興趣回 ""1"" 入群：https://chat.whatsapp.com/ABC123",fraud,IG,zh
"Hello 我係 Kelly，見到你 JobsDB 履歷好啱做！而家有兼職網購助理，日薪最高 $2500🤑 模擬落單幫商戶衝銷量，完成即過數！回覆 ""OK"" 我加你入任務群",fraud,IG,zh
急聘 IG 任務員📱 每日幫品牌點 Like + 轉發，30分鐘 $300！多勞多得，屋企手機搞掂～有意 WhatsApp：+852 9788 2210 即刻出糧,fraud,IG,zh
"【在家賺錢】打字員招募中！主要打中英對照文件，1000字=$220，任務每日更新，無時間限制⏰ 入職免費培訓，香港居民優先，回 ""打字"" 入群",fraud,IG,zh
"Hi 我係 Iris～見你 LinkedIn 資料好 professional！而家有遠程數據整理工，日薪 $700-$2000💰 用 Excel 抄啲產品資料，WFH 彈性時間！回 ""有興趣"" 加群",fraud,IG,zh
【YouTube 推廣員】每日訂閱 50 個指定頻道，$15/個，一日輕鬆賺 $750+📈 完成任務即過支付寶！加 WhatsApp 領取頻道清單：+852 5110 3344,fraud,IG,zh
"網店銷售助理（遠程）模擬購買提升排名，每單佣金 $80-$200💵 無需自己出錢，平台墊付！有意回 ""購物"" 入官方任務群",fraud,IG,zh
打工妹注意啦！而家招打字員📝 主要打手寫藥單，準確率 95% 以上，1000字=$250！日結 Alipay/WeChat，屋企手機打得！WhatsApp：+852 6339 1102,fraud,IG,zh
"Hello, this is Sarah from HR Dept. We found your CV on Indeed. Part-time online reviewer needed, $500-1500/day, review apps & write comments. Reply ""REVIEW"" to join.",fraud,IG,en
"【電商刷單員】幫網店刷評價+落單，每單 $60-$180💰 平台先墊錢，你唔使畀！完成即過 FPS，平均日賺 $1200+，回 ""刷單"" 入群",fraud,IG,zh
急聘 Telegram 任務員📲 每日轉發 20 條廣告訊息，$20/條，一小時 $400！多做多得，無上限～加 @HKTask2025 領取任務,fraud,IG,zh
"Hi 我係 Olivia～而家有新項目：幫內地品牌喺 HK01 點擊廣告，提升曝光率🔥 每點擊 $8，一日 200 click = $1600！即日結算，回 ""點擊"" 入群",fraud,IG,zh
【在家兼職】主要幫公司登記客戶資料入系統，4小時 $900💸 無經驗都教，香港身份證優先！WhatsApp 領表格：+852 9777 5533,fraud,WhatsApp,zh
"Hello I’m Jason, we’re hiring remote purchase assistants. Simulate buying on Shopee/Lazada, earn $100-300 per order. Platform reimburses 100%. Reply ""BUY"" to proceed.",fraud,WhatsApp,zh
打字員招募！主要打古籍影印本，1000字=$230，任務每日發放📥 支援手機 WPS / 記事本，完成即過微信紅包！加群：https://t.me/HKTypingJob,fraud,WhatsApp,zh
"【IG 成長助理】每日幫客戶 IG 帳號 Like + Comment，$12/個，一日 100 個 = $1200💰 自動化工具教學，屋企手機搞掂！回 ""IG"" 入任務群",fraud,WhatsApp,zh
"Hi 我係 Amy～見你 JobsDB 資料好 detail-oriented！而家有遠程核對工：比對網店訂單同物流，準確率高有 bonus，日薪 $800+💵 回 ""核對"" 加群",fraud,WhatsApp,zh
"【模擬購物員】幫淘寶店衝銷量，每單佣金 $90-$250💸 平台墊付商品+運費，完成即退款+佣金！香港人限定，回 ""淘寶"" 入群",fraud,WhatsApp,zh
急聘 WhatsApp 客服（遠程）回覆標準訊息模板，時薪 $120🕒 每日 3-4 小時，屋企用手機得！培訓 1 日即上手，WhatsApp：+852 5443 9987,fraud,WhatsApp,zh
"【YouTube 觀看員】每日觀看指定影片 30 分鐘，$400/日📺 幫頻道衝 watch time，多看多賺！完成過支付寶，回 ""觀看"" 入群",fraud,WhatsApp,zh
Hi 我係 Cherry～而家招網上登記員：幫公司登記會員資料，100 份=$1000💰 支援 Excel / 手機記事本，日結 FPS！加 WhatsApp 領表格,fraud,WhatsApp,zh
"【電商評價員】幫內地網店寫 5 星好評+晒圖，每單 $70-$150🌟 平台提供圖片同模板，抄寫即過數！回 ""評價"" 入官方群",fraud,WhatsApp,zh
"Hello, this is HR from Global E-commerce Ltd. We need data entry clerks, type product info from images, $0.2 per entry, avg $1000/day. Reply ""DATA"" to join.",fraud,WhatsApp,zh
打字員火速招聘！主要打手寫發票，1000字=$240🖋️ 支援 Microsoft Word / WPS，任務每日更新，完成即過銀行！WhatsApp：+852 6221 4477,fraud,Facebook,zh
"【TikTok 推廣員】每日幫品牌影片點 Like + 分享，$15/個，一日 80 個 = $1200📱 自動化工具教學，香港 IP 限定，回 ""TikTok"" 入群",fraud,Facebook,zh
"Hi 我係 Lily～見你 LinkedIn 有行政經驗！而家有遠程文件整理工：掃描文件轉 PDF + 命名，日薪 $700-$1800💼 回 ""文件"" 加群",fraud,Facebook,zh
"【模擬下單員】幫 Lazada 店衝排名，每單 $100-$280💰 平台墊付全額，完成即退款+佣金！日結微信，回 ""Lazada"" 入任務群",fraud,Facebook,zh
急聘線上助理📋 主要回覆客戶 WhatsApp 標準訊息，時薪 $130🕰️ 每日 4 小時，屋企手機搞掂，包教模板！WhatsApp：+852 5338 7765,fraud,Facebook,zh
"【Google 評論員】幫本地店寫 5 星 Google Review，每條 $80-$200🌟 提供店舖資料同模板，抄寫即過 FPS！回 ""Google"" 入群",fraud,Facebook,zh
"Hi 我係 Vicky～而家有新項目：幫公司登記保單資料，100 份=$1200📑 支援手機記事本，無經驗都教！香港居民優先，回 ""保單"" 加群",fraud,Facebook,zh
"【Shopee 刷單員】模擬購買提升銷量，每單佣金 $85-$220🛒 平台先墊錢，完成即退款+佣金！日結 Alipay，回 ""Shopee"" 入群",fraud,Facebook,zh
打字員招募！主要打中醫處方，1000字=$260💊 任務每日發放，支援 WPS / 備忘錄，完成即過微信紅包！加群：https://t.me/HKTyping2025,fraud,Facebook,zh
"Hello I’m Tom from Recruitment Agency. We need remote order processors, verify online orders, $600-2000/day. Reply ""ORDER"" to get details.",fraud,Facebook,zh
"【FB 廣告點擊員】每日點擊指定 FB 廣告，$10/click，一日 150 click = $1500🔥 香港 IP 限定，完成過支付寶！回 ""FB"" 入任務群",fraud,Facebook,zh
急聘網店助理（遠程）幫內地店核對庫存，4小時 $850📦 無經驗都得，包教 Excel！日結銀行過數，WhatsApp：+852 9663 2211,fraud,Facebook,zh
"【YouTube 留言員】幫頻道寫正面留言，$18/條，一日 70 條 = $1260💬 提供模板，抄寫即過數！回 ""留言"" 入群",fraud,Thread,zh
"Hi 我係 Sandy～見你 Indeed 資料好細心！而家有遠程資料輸入工：抄產品規格入系統，日薪 $800+💻 回 ""輸入"" 加群",fraud,Thread,zh
"【淘寶直播助理】幫主播刷人氣禮物，每單 $120-$300🎁 平台墊付，完成即退款+佣金！香港人限定，回 ""直播"" 入任務群",fraud,Thread,zh
打字員火速招募！主要打律師樓文件，1000字=$280📜 任務每日更新，支援 Word / 記事本，完成即過 FPS！WhatsApp：+852 5440 8899,fraud,Thread,zh
"【IG 故事推廣員】每日幫品牌轉發 IG Story，$25/個，一日 60 個 = $1500📱 自動化工具教學，回 ""Story"" 入群",fraud,Thread,zh
"Hello, this is HR from Asia Pacific Ltd. We’re hiring caption typists, type subtitles from videos, $0.25 per word, avg $1200/day. Reply ""CAPTION"".",fraud,Thread,zh
"急聘線上核對員🔍 比對網店訂單同出貨單，準確率高有 bonus，日薪 $900+💰 屋企用手機搞掂！回 ""核對"" 加群",fraud,Thread,zh
"【Carousell 模擬買家】幫賣家衝曝光，每單 $70-$180👟 平台墊付，完成即退款+佣金！日結微信，回 ""Carousell"" 入任務群",fraud,Thread,zh
Hi 我係 Maggie～而家招遠程登記員：幫公司登記客戶資料，100 份=$1100📋 支援手機 WPS，香港身份證優先！WhatsApp 領表格,fraud,Thread,zh
"【TikTok 觀看員】每日觀看指定影片 20 分鐘，$450/日📹 幫頻道衝流量，多看多賺！完成過 Alipay，回 ""觀看"" 入群",fraud,Thread,zh
打字員招募！主要打手寫會計憑證，1000字=$270🧾 任務每日發放，支援備忘錄，完成即過銀行！加群：https://chat.whatsapp.com/TypingHK,fraud,Thread,zh
"【FB 粉絲團助理】每日幫頁面邀請 100 個香港人入群，$8/人，一日 $800👥 自動化工具教學，回 ""邀請"" 入任務群",fraud,Thread,zh
"Hi 我係 Zoe～見你 JobsDB 有文職經驗！而家有遠程文件掃描工：影文件轉 PDF，日薪 $700-$1600📄 回 ""掃描"" 加群",fraud,Thread,zh
【最終召集】網上任務員（多項目）打字/刷單/點擊/留言/訂閱✨ 每日 $800-$3000💸 任務自己揀，屋企手機搞掂！即刻入官方總群：https://t.me/HKOnlineJobs2025,fraud,Thread,zh
"Feelings Group Limited: STEM - AI Technical Project Manager Intern - Support coordination and execution of AI projects involving multimodal medical monitoring systems for humans and animals. Gain hands-on experience in AI product development support, data analysis, cross-team communication, technology transfer, and innovation showcases within a fast-paced startup environment.",normal,PolyU,en
"Feelings Group Limited: STEM - AI Technical Intern - Contribute to AI software and algorithm development for multimodal sensor-based, non-contact vital sign monitoring platforms. Gain hands-on experience with coding, AI model testing, data pipelines, and collaboration with hardware and clinical teams in a fast-moving startup environment.",normal,PolyU,en
"Nexrehabs Limited: STEM - AI Software Intern - Contribute to AI software development, data analysis, and algorithm implementation for AI-powered oral-motor assessment and rehabilitation platforms, working with multimodal AI models, real-time feedback systems, and digital health solutions.",normal,PolyU,en
"Nexrehabs Limited: STEM - AI Technical Project Management Intern - Assist in managing and coordinating AI and medical technology projects involving telehealth, oral-motor rehabilitation, multimodal AI systems, VR/AR, and AIoT devices. Gain hands-on experience in project tracking, multidisciplinary collaboration, data analysis, technology transfer, and commercialization within a fast-growing rehabilitation technology startup.",normal,PolyU,en
"Mednnect Limited: Business Development & Operations Assistant Intern - Support and coordinate AI-driven veterinary healthcare projects from conception to delivery, ensuring alignment with innovation goals. Gain hands-on experience in project management, data analysis, AI monitoring, and cross-functional collaboration within a fast-paced research and commercialization environment.",normal,PolyU,en
"Nexrehabs Limited: Business Operations Intern (Exhibitions & Events) - Support exhibition and event operations, daily business coordination, and marketing activities related to Nexrehabs??AI-driven rehabilitation products. Gain hands-on experience in business operations and event management within an innovative healthcare technology company.",normal,PolyU,en
"Medtaverses Group Limited: Business Development & Operations Assistant Intern - Support and coordinate AI and medical technology development projects, focusing on digital therapy platforms, VR/AR applications, and AI model integration. Gain experience in project management, data analysis, and cross-functional collaboration within a fast-paced health tech startup.",normal,PolyU,en
"Mednnect Limited: Business Development & Operations Assistant Intern - Support and coordinate AI-driven veterinary healthcare projects from conception to delivery, ensuring alignment with innovation goals. Gain hands-on experience in project management, data analysis, AI monitoring, and cross-functional collaboration within a fast-paced research and commercialization environment.",normal,PolyU,en
"Schneider Electric (China) Co., Ltd: Embedded Software Verification Intern - Support embedded software testing and validation to ensure the quality and readiness of firmware products and release packages. The role involves hardware testing, test case development and automation, and participation in the full release preparation process within an agile engineering team.",normal,PolyU,en
"WYNI Technology Limited: Junior AI Engineer - Collaborate with senior engineers to design, develop, deploy, and maintain AI-powered applications. Gain hands-on experience in LLM fine-tuning, Retrieval-Augmented Generation (RAG), full-stack development, and modern DevOps practices within a dynamic, fast-growing AI team.",normal,PolyU,en
"ideabee Design Consultancy Limited: STEM - Tech Development Intern (Software / Automation) - Work within a small, agile team to develop software, automation tools, and web applications across ideabee? educational and design brands. The role involves both technical development and creative problem-solving across evolving business initiatives.",normal,PolyU,en
"Witernet Limited: AI Engineer (Intern) - Focuses on building the AI platform's core intelligence by designing and training machine learning models, developing data pipelines, and deploying models into scalable, reliable systems. Role is grounded in algorithms, data, and software engineering.",normal,PolyU,en
"Witernet Limited: IT Engineer (Intern) - Frontline technical role providing on-site and remote support for clients' IT infrastructure, including installation, configuration, troubleshooting, and maintenance of enterprise-grade hardware and systems in a client-facing environment.",normal,PolyU,en
Witernet Limited: STEM - Marketing Officer / Executive (Intern) - nan,normal,PolyU,en
OneLedger Limited: STEM Internship (Application Development) - nan,normal,PolyU,en
EyeAI Ltd: STEM ??AI & Software Development Intern - nan,normal,PolyU,en
"The Hong Kong Polytechnic University - Department of Chinese History and Culture: STEM Internship Scheme (Winter 2025) - Digital Humanities / Data & AI Intern - Integrate technology into humanities education and research by embedding STEM elements into Chinese history and culture curricula and projects, with hands-on experience in digital humanities, data-driven storytelling, and AI-based prototype development.",normal,PolyU,en
RSM Hong Kong: IT Due Diligence / Cyber Security / IT Audit Intern - nan,normal,PolyU,en
Tradelink Technologies Limited: Azure Infrastructure Engineer Intern - nan,normal,PolyU,en