Message,Label,Source
Hi 我係 Mandy～而家急聘網上打字員📝 屋企用手機打手稿圖片，日薪 $600-$1800💰 1000字=$200，任務自己揀！入職即領任務，包教會🤝 即刻加 WhatsApp 了解：+852 6134 7791,fraud,IG
"【遠程文員招聘】主要打啲舊文件入電腦，4-5小時搞掂 $800+💸 無經驗都得，有老師一對一教！只限香港人，有興趣回 ""1"" 入群：https://chat.whatsapp.com/ABC123",fraud,IG
"Hello 我係 Kelly，見到你 JobsDB 履歷好啱做！而家有兼職網購助理，日薪最高 $2500🤑 模擬落單幫商戶衝銷量，完成即過數！回覆 ""OK"" 我加你入任務群",fraud,IG
急聘 IG 任務員📱 每日幫品牌點 Like + 轉發，30分鐘 $300！多勞多得，屋企手機搞掂～有意 WhatsApp：+852 9788 2210 即刻出糧,fraud,IG
"【在家賺錢】打字員招募中！主要打中英對照文件，1000字=$220，任務每日更新，無時間限制⏰ 入職免費培訓，香港居民優先，回 ""打字"" 入群",fraud,IG
"Hi 我係 Iris～見你 LinkedIn 資料好 professional！而家有遠程數據整理工，日薪 $700-$2000💰 用 Excel 抄啲產品資料，WFH 彈性時間！回 ""有興趣"" 加群",fraud,IG
【YouTube 推廣員】每日訂閱 50 個指定頻道，$15/個，一日輕鬆賺 $750+📈 完成任務即過支付寶！加 WhatsApp 領取頻道清單：+852 5110 3344,fraud,IG
"網店銷售助理（遠程）模擬購買提升排名，每單佣金 $80-$200💵 無需自己出錢，平台墊付！有意回 ""購物"" 入官方任務群",fraud,IG
打工妹注意啦！而家招打字員📝 主要打手寫藥單，準確率 95% 以上，1000字=$250！日結 Alipay/WeChat，屋企手機打得！WhatsApp：+852 6339 1102,fraud,IG
"Hello, this is Sarah from HR Dept. We found your CV on Indeed. Part-time online reviewer needed, $500-1500/day, review apps & write comments. Reply ""REVIEW"" to join.",fraud,IG
"【電商刷單員】幫網店刷評價+落單，每單 $60-$180💰 平台先墊錢，你唔使畀！完成即過 FPS，平均日賺 $1200+，回 ""刷單"" 入群",fraud,IG
急聘 Telegram 任務員📲 每日轉發 20 條廣告訊息，$20/條，一小時 $400！多做多得，無上限～加 @HKTask2025 領取任務,fraud,IG
"Hi 我係 Olivia～而家有新項目：幫內地品牌喺 HK01 點擊廣告，提升曝光率🔥 每點擊 $8，一日 200 click = $1600！即日結算，回 ""點擊"" 入群",fraud,IG
【在家兼職】主要幫公司登記客戶資料入系統，4小時 $900💸 無經驗都教，香港身份證優先！WhatsApp 領表格：+852 9777 5533,fraud,WhatsApp
"Hello I’m Jason, we’re hiring remote purchase assistants. Simulate buying on Shopee/Lazada, earn $100-300 per order. Platform reimburses 100%. Reply ""BUY"" to proceed.",fraud,WhatsApp
打字員招募！主要打古籍影印本，1000字=$230，任務每日發放📥 支援手機 WPS / 記事本，完成即過微信紅包！加群：https://t.me/HKTypingJob,fraud,WhatsApp
"【IG 成長助理】每日幫客戶 IG 帳號 Like + Comment，$12/個，一日 100 個 = $1200💰 自動化工具教學，屋企手機搞掂！回 ""IG"" 入任務群",fraud,WhatsApp
"Hi 我係 Amy～見你 JobsDB 資料好 detail-oriented！而家有遠程核對工：比對網店訂單同物流，準確率高有 bonus，日薪 $800+💵 回 ""核對"" 加群",fraud,WhatsApp
"【模擬購物員】幫淘寶店衝銷量，每單佣金 $90-$250💸 平台墊付商品+運費，完成即退款+佣金！香港人限定，回 ""淘寶"" 入群",fraud,WhatsApp
急聘 WhatsApp 客服（遠程）回覆標準訊息模板，時薪 $120🕒 每日 3-4 小時，屋企用手機得！培訓 1 日即上手，WhatsApp：+852 5443 9987,fraud,WhatsApp
"【YouTube 觀看員】每日觀看指定影片 30 分鐘，$400/日📺 幫頻道衝 watch time，多看多賺！完成過支付寶，回 ""觀看"" 入群",fraud,WhatsApp
Hi 我係 Cherry～而家招網上登記員：幫公司登記會員資料，100 份=$1000💰 支援 Excel / 手機記事本，日結 FPS！加 WhatsApp 領表格,fraud,WhatsApp
"【電商評價員】幫內地網店寫 5 星好評+晒圖，每單 $70-$150🌟 平台提供圖片同模板，抄寫即過數！回 ""評價"" 入官方群",fraud,WhatsApp
"Hello, this is HR from Global E-commerce Ltd. We need data entry clerks, type product info from images, $0.2 per entry, avg $1000/day. Reply ""DATA"" to join.",fraud,WhatsApp
打字員火速招聘！主要打手寫發票，1000字=$240🖋️ 支援 Microsoft Word / WPS，任務每日更新，完成即過銀行！WhatsApp：+852 6221 4477,fraud,Facebook
"【TikTok 推廣員】每日幫品牌影片點 Like + 分享，$15/個，一日 80 個 = $1200📱 自動化工具教學，香港 IP 限定，回 ""TikTok"" 入群",fraud,Facebook
"Hi 我係 Lily～見你 LinkedIn 有行政經驗！而家有遠程文件整理工：掃描文件轉 PDF + 命名，日薪 $700-$1800💼 回 ""文件"" 加群",fraud,Facebook
"【模擬下單員】幫 Lazada 店衝排名，每單 $100-$280💰 平台墊付全額，完成即退款+佣金！日結微信，回 ""Lazada"" 入任務群",fraud,Facebook
急聘線上助理📋 主要回覆客戶 WhatsApp 標準訊息，時薪 $130🕰️ 每日 4 小時，屋企手機搞掂，包教模板！WhatsApp：+852 5338 7765,fraud,Facebook
"【Google 評論員】幫本地店寫 5 星 Google Review，每條 $80-$200🌟 提供店舖資料同模板，抄寫即過 FPS！回 ""Google"" 入群",fraud,Facebook
"Hi 我係 Vicky～而家有新項目：幫公司登記保單資料，100 份=$1200📑 支援手機記事本，無經驗都教！香港居民優先，回 ""保單"" 加群",fraud,Facebook
"【Shopee 刷單員】模擬購買提升銷量，每單佣金 $85-$220🛒 平台先墊錢，完成即退款+佣金！日結 Alipay，回 ""Shopee"" 入群",fraud,Facebook
打字員招募！主要打中醫處方，1000字=$260💊 任務每日發放，支援 WPS / 備忘錄，完成即過微信紅包！加群：https://t.me/HKTyping2025,fraud,Facebook
"Hello I’m Tom from Recruitment Agency. We need remote order processors, verify online orders, $600-2000/day. Reply ""ORDER"" to get details.",fraud,Facebook
"【FB 廣告點擊員】每日點擊指定 FB 廣告，$10/click，一日 150 click = $1500🔥 香港 IP 限定，完成過支付寶！回 ""FB"" 入任務群",fraud,Facebook
急聘網店助理（遠程）幫內地店核對庫存，4小時 $850📦 無經驗都得，包教 Excel！日結銀行過數，WhatsApp：+852 9663 2211,fraud,Facebook
"【YouTube 留言員】幫頻道寫正面留言，$18/條，一日 70 條 = $1260💬 提供模板，抄寫即過數！回 ""留言"" 入群",fraud,Thread
"Hi 我係 Sandy～見你 Indeed 資料好細心！而家有遠程資料輸入工：抄產品規格入系統，日薪 $800+💻 回 ""輸入"" 加群",fraud,Thread
"【淘寶直播助理】幫主播刷人氣禮物，每單 $120-$300🎁 平台墊付，完成即退款+佣金！香港人限定，回 ""直播"" 入任務群",fraud,Thread
打字員火速招募！主要打律師樓文件，1000字=$280📜 任務每日更新，支援 Word / 記事本，完成即過 FPS！WhatsApp：+852 5440 8899,fraud,Thread
"【IG 故事推廣員】每日幫品牌轉發 IG Story，$25/個，一日 60 個 = $1500📱 自動化工具教學，回 ""Story"" 入群",fraud,Thread
"Hello, this is HR from Asia Pacific Ltd. We’re hiring caption typists, type subtitles from videos, $0.25 per word, avg $1200/day. Reply ""CAPTION"".",fraud,Thread
"急聘線上核對員🔍 比對網店訂單同出貨單，準確率高有 bonus，日薪 $900+💰 屋企用手機搞掂！回 ""核對"" 加群",fraud,Thread
"【Carousell 模擬買家】幫賣家衝曝光，每單 $70-$180👟 平台墊付，完成即退款+佣金！日結微信，回 ""Carousell"" 入任務群",fraud,Thread
Hi 我係 Maggie～而家招遠程登記員：幫公司登記客戶資料，100 份=$1100📋 支援手機 WPS，香港身份證優先！WhatsApp 領表格,fraud,Thread
"【TikTok 觀看員】每日觀看指定影片 20 分鐘，$450/日📹 幫頻道衝流量，多看多賺！完成過 Alipay，回 ""觀看"" 入群",fraud,Thread
打字員招募！主要打手寫會計憑證，1000字=$270🧾 任務每日發放，支援備忘錄，完成即過銀行！加群：https://chat.whatsapp.com/TypingHK,fraud,Thread
"【FB 粉絲團助理】每日幫頁面邀請 100 個香港人入群，$8/人，一日 $800👥 自動化工具教學，回 ""邀請"" 入任務群",fraud,Thread
"Hi 我係 Zoe～見你 JobsDB 有文職經驗！而家有遠程文件掃描工：影文件轉 PDF，日薪 $700-$1600📄 回 ""掃描"" 加群",fraud,Thread
【最終召集】網上任務員（多項目）打字/刷單/點擊/留言/訂閱✨ 每日 $800-$3000💸 任務自己揀，屋企手機搞掂！即刻入官方總群：https://t.me/HKOnlineJobs2025,fraud,Thread
我哋而家搵人啦! 職位空缺： - 網上工作 - 遠程工作 女士應聘優先 日薪：$500 - $2000 時間彈性，可以兼職工作 有相關經驗者優先 只限香港居民或需長居者 每日只需工作4 - 5個時間 提供專業培訓 管理層職位優先,fraud,IG
"【主要工作】:主要是打壹些手稿圖片 【工資多少】:按字數結算工資，不限制時間的1000字200元，比如3000字要求壹天內完成，那就是600工資。接哪種單.自己選擇就行。 【工作要求】:打字員要求盡量無錯別字，正確率需要95%以上。 【如何接單】:找任務老師接單，給妳發放任務，想做哪壹種單，自己選擇就行。手機打字的會員，入職後就可以領取任務，多勞多得，做任務有不懂的，有專門的老師手把手教。 【如何打字】：入職後會需要妳下載壹個【APP.打字軟件.直接打字（Microsoft Word）】，也可以用【手機自帶的.【備忘錄】【記事本】【WPS】都是可以打字的】 【任務傳送方式】：可以通過.【郵箱】【微信】等等方式發送給任務老師】 【工作時間】：有時間就接任務 沒有時間可以不做 根據自己的時間自由安排】沒有任何的時間限制 【工資結算】:任務單子打完提交,工資全部日結 （銀行，郵局，支付寶，微信，超商（超商门市711全家福地址给现金）都可以)MyGoPen查證參考：https://www.mygopen.com/2019/04/igline.html",fraud,IG
正在招聘 / 購物助理 // 工作需求： - 一般文職工作 - 需熟悉電腦、手機操作 - 工作需面對客戶，學習不限軟件操作 - 操作各種網絡營銷方式推廣公司產品 人工：60-230港幣 / 時薪,fraud,IG
"Good afternoon this is Gigo from Eminent Heritage Company Limited. Sorry for a late msg but thank you for applying our AI Digital marketing & Financial Planning Term-based Internship/ Part Time on jobsdb. After reviewing your resume, we are amazed by your profile and honoured to offer you an interview to further understand more of each other. Would you be free tmr 10am for a f2f interview? Our office is located in Quarry Bay.",normal,Moovup
"職位：網購包裝執貨員
 地區：青衣
 日期：11月開始 日日有更
 時間：
 星期一至六: 09:20-18:20
 星期日: 08:50-17:50
 工作內容：網購貨包裝，執貨，理貨
 要求：衣著輕便，波鞋即可 ，可接受加班，固定長返
 人工：$60/hr (包飯鐘)
 whatsapp電話：67562551",normal,Moovup
"職位：交樓專員
 地區：柴灣
 日期：星期一至五
 時間：0900-1800
 工作內容：負責檢驗及交收新落成之單位予業主, 跟進及安排執修工作
 工作要求：需持有(平安卡)綠卡, 需著安全鞋, 需要跟隨安全指示, 工地提供安全帽
 人工：$80/hr(長返長兼)
 whatsapp電話：67562551",normal,Moovup
"坐住入信員
 地區：元朗工業邨
 日期：11月12-22日
 時間：08:30-17:30
 工作內容：入信封（有得坐）
 要求：衣著輕便，T-Shirt，長褲，波鞋；需要長返，一星期至少4-5日
 人工：$55/hr (唔包飯鐘)
 whatsapp電話：67562551",normal,Moovup
"Promoter $80/hr (包30分鐘飯鐘)
 日期：10月23-26日
 地點：太古城/青衣城/又一城/德福/東港城
 時間：12:00-18:00
 工作內容：推廣入會，推廣10倍現金回贈
 工作要求：流利中文，識講英文，性格外向
 -
 衣著要求:
 需要着制服+拎board，要乾淨整齊
 不可以着logo褲/破牛/染金色頭髮/穿鼻環",normal,Moovup
"職位：霸王茶姬 店務員
 地區：上水/將軍澳
 日期：聽日開始 日日有更
 時間：09:00-18:00/13:00-22:00/14:00-23:00
 工作內容：負責一般店舖日常工作，包括收銀、飲品調製、預備材料及店舖清潔等
 人工：$65/hr (唔包飯鐘)
 whatsapp電話：67562551",normal,Moovup
"全職工作申請
 Pandamart 全職 Shop Assistant / Shop Supervisor
 1️⃣Shop Assistant 底薪13-14K + 1K attendance + up to 500 monthly incentive
 2️⃣Shop Supervisor 底薪16-17K + 1K attendance + up to 800 monthly incentive
 
 工作時間及安排：
 每週工作 5 天
 需輪班工作
 輪休制，由主管安排
 每天工作 9 小時（已包括用膳時間）
 有機會獲派不同分店 (或可議)
 年假10 天
 另所有國定假日放假，但可能需要在公休日工作，並另行安排休息日。
 
 工作職責：
 處理客戶日常訂單
 處理日常收貨及上貨工作
 整理分店工作環境
 檢查新鮮食品品質
 
 入職要求：
 學歷不拘
 無需工作經驗（設有在職培訓）／申請sup要有工作經驗
 懂閱讀中文
 能閱讀英文字母
 守時、積極、有禮貌
 具相關工作經驗及可即時上班者優先考慮",normal,Moovup
"職位：網購執單員
 地區：粉嶺祥華/上水彩園
 日期：9月24開始，日日要人
 時間：09:00-19:00
 工作內容：跟單執貨 簡單易做
 要求：要有網購經驗 固定長返 全黑長褲 波鞋
 人工：$600/日
 whatsapp電話：67562551",normal,Moovup
"職位：舞台影音技術員
 地區：中環海濱活動空間
 日期：28/9-6/10 (必須返哂)
 時間：待定（有機會加班及晚上通宵工作）
 工作內容：
 🕹協助安裝，操作及拆卸影音器材💡會有體力勞動（live show)
 要求：1年或以上相關Audio setup工作經驗(有大型舞台/演唱會的音響或舞台展覽經驗)
 人工：$83/hr
 whatsapp電話：67562551",normal,Moovup
"職位：交樓專員
 地區：柴灣/愉景灣
 日期：星期一至五
 時間：9:00-18:00
 工作內容：
 負責檢驗及交收新落成之單位予業主
 跟進及安排執修工作
 衣著舒適, 需著安全鞋
 要求：長兼，需持有(平安卡)綠卡及跟隨安全指示
 人工：$80/hr
 whatsapp電話：67562551",normal,Moovup
"珠寶展運送員 $80/hr
 
 工作日期：9月19日
 工作地點：亞洲博覽館
 工作時間：14:00-22:00
 工作內容：協助展覽點算及運送，展覽收場等工作
 要求：態度需主動積極; T恤長褲；勞動力工作
 whatsapp電話：67562551",normal,Moovup
"Date: Aug 8 0730(Taxi)-1430
 Location: HKSTP
 Dress code: Formal (Black blazer, Plain White Shirt, Black Skirt, Black Stocking, Black Leather Shoe)
 Hourly rate: $70
 Bonus: +$20/Hour if arrive 15 minutes early and no complaints 
 Duty: Registration/Usher
 
 Whatapps 64307678",normal,Moovup
"Date: 20250901
 Time: 1500-2200
 Location: Kai Tak Stadium
 Dress code: All BLACK Formal (Black blazer, Plain Black Shirt, Black Skirt, Black Stocking, Black Leather Shoe)
 Hourly rate: $100
 Bonus: +$80/Hour if arrive 15 minutes early and no complaints 
 Duty: packing & rehearsal (pre show) ; stage programme support, escort guests and move furnitures on stage (during show)
 
 Whatsapp : 95848961",normal,Moovup
"Date: 20250901
 Time: 1745-2145
 Location: Kai Tak Stadium
 Dress code: All BLACK Formal (Black blazer, Plain Black Shirt, Black Skirt, Black Stocking, Black Leather Shoe)
 Hourly rate: $70
 Bonus: +$25/Hour if arrive 15 minutes early and no complaints 
 Duty: Registration
 
 Whatsapp : 95848961",normal,Moovup
"Date: Sep 27 0930-1430
 Location: HKU
 Dress code: Formal (Black blazer, Plain White Shirt, Black Skirt, Black Stocking, Black Leather Shoe)
 Hourly rate: $90
 Bonus: +$20/Hour if arrive 15 minutes early and no complaints 
 Duty: Registration/Usher
 
 Whatapps 64307678",normal,Moovup
"Date: Sep 30 0700(Taxi)-1400
 Location: HKUST
 Dress code: Formal (Black blazer, Plain White Shirt, Black Skirt, Black Stocking, Black Leather Shoe)
 Hourly rate: $70
 Bonus: +$20/Hour if arrive 15 minutes early and no complaints 
 Duty: Registration/Usher
 
 Whatapps 64307678",normal,Moovup
"Date: Oct 09 1200-1700
 Location: Central
 Dress code: Formal (Black blazer, Plain White Shirt, Black Skirt, Black Stocking, Black Leather Shoe)
 Hourly rate: $90
 Bonus: +$20/Hour if arrive 15 minutes early and no complaints 
 Duty: Registration/Usher
 
 Whatapps 64307678",normal,Moovup
"Date: Oct 8 0800-1800
 Location: Central Hotel
 Dress code: Formal (Black blazer, Plain White Shirt, Black Skirt, Black Stocking, Black Leather Shoe)
 Hourly rate: $90
 Bonus: +$20/Hour if arrive 15 minutes early and no complaints 
 Duty: Registration/Usher
 
 Whatapps 64307678",normal,Moovup
"Team building helper
 Date: Oct 10 1300-1830
 Location: AutoCamper 紅花嶺
 Dress code: Plain White Shirt, blue jeans, white Shoe
 Hourly rate: $100
 Bonus: +$50/Hour if arrive 15 minutes early and no complaints 
 
 Whatapps 64307678",normal,Moovup
"兼職店務員
 日期：9月19日開始
 時間：8小時/天
 地點：荃灣
 職務：點心店店務員
 薪金：70-75/小時
 
 Whatapps 92270190",normal,Moovup
"Date: Oct 8 1000-1830
 Location: Central Hotel
 Dress code: Formal (Black blazer, Plain White Shirt, Black Skirt, Black Stocking, Black Leather Shoe)
 Hourly rate: $90
 Bonus: +$20/Hour if arrive 15 minutes early and no complaints 
 Duty: Registration/Usher
 
 Whatapps 64307678",normal,Moovup
"Date: Oct 09 1200-1700
 Location: Central
 Dress code: Formal (Black blazer, Plain White Shirt, Black Skirt, Black Stocking, Black Leather Shoe)
 Hourly rate: $90
 Bonus: +$20/Hour if arrive 15 minutes early and no complaints 
 Duty: Registration/Usher
 
 Whatapps 64307678",normal,Moovup
"長期功課班助理（小學）
 日期：2025年9月30日開始
 時間：1500-1900
 地區：荔枝角
 著裝：半正式休閒裝
 時薪：$80
 獎金：提前15分鐘到達且無投訴每小時加$20 
 
 Whatapps 64307678",normal,Moovup
"Date: 
 Nov 3 0630(Taxi)-1830
 Nov 4 0630(Taxi)-1830
 Location: TST Hotel
 Dress code: Formal (Black blazer, Plain White Shirt, Black Skirt, Black Stocking, Black Leather Shoe)
 Hourly rate: $90
 Bonus: +$20/Hour if arrive 15 minutes early and no complaints 
 Duty: Registration/Usher
 
 Whatapps 64307678",normal,Moovup
"Date: Nov 5 0630(Taxi)-1300
 Location: Central
 Dress code: Formal (Black blazer, Plain White Shirt, Black Skirt, Black Stocking, Black Leather Shoe)
 Hourly rate: $90
 Bonus: +$20/Hour if arrive 15 minutes early and no complaints 
 Duty: Registration/Usher
 
 Whatapps 64307678",normal,Moovup
"Date: Nov 10 0630(Taxi)-1200/1830
 Location: Ocean Park Hotel
 Dress code: Formal (Black blazer, Plain White Shirt, Black Skirt, Black Stocking, Black Leather Shoe)
 Hourly rate: $90
 Bonus: +$20/Hour if arrive 15 minutes early and no complaints 
 Duty: Registration/Usher
 
 Whatapps 64307678",normal,Moovup
"Date: 
 20251011 0930-1630
 20251012 0930-1930
 Location: MK Hotel
 Dress code: Uniform provided, wear own blue jeans, black sneaker
 Hourly rate: $70
 Bonus: +$20/Hour if arrive 15 minutes early and no complaints 
 Duty: Property handover event
 
 Whatsapp : 95848961",normal,Moovup
"Date: 
 Nov 17 0700(Taxi)-1630/1800(TBC)
 Nov 18 0700(Taxi)-1630/1800(TBC)
 Nov 19 0700(Taxi)-1630/1800(TBC)
 Nov 20 0700(Taxi)-1630/1800(TBC)
 Location: Central
 Dress code: Formal (Black blazer, Plain White Shirt, Black Skirt, Black Stocking, Black Leather Shoe)
 Hourly rate: $70
 Bonus: +$20/Hour if arrive 15 minutes early and no complaints 
 Duty: Registration/Usher
 
 Whatapps 64307678",normal,Moovup
"General Event Helper Interview Day
 
 Date: Oct 19 This Sunday
 Location: Lai Chi Kok
 This is a great chance to learn more about our company, explore available positions, and take the first step toward a rewarding career with us. We look forward to meeting enthusiastic candidates who are eager to join our team.
 
 We encourage everyone interested to come by, bring your resume, and be ready to discuss your future with us!
 
 For any inquiries, please contact us at 64307678
 
 We look forward to seeing you there!",normal,Moovup
"Pet Event
 Date: 
 Nov 7 1130-2130
 Nov 8 1200-2130
 Nov 9 1200-2130
 Location: K11 Musea OUTDOOR
 Dress code: T-Shirt provided, Wear own Black jeans, Black sneaker
 Hourly rate: $70
 Bonus: +$20/Hour if arrive 15 minutes early and no complaints 
 Duty: Registration/Usher/Event Helper
 
 Whatapps 64307678",normal,Moovup
"Date: 
 Nov 17 0700(Taxi)-1630/1800(TBC)
 Nov 18 0700(Taxi)-1630/1800(TBC)
 Nov 19 0700(Taxi)-1630/1800(TBC)
 Nov 20 0700(Taxi)-1630/1800(TBC)
 Location: Central
 Dress code: Formal (Black blazer, Plain White Shirt, Black Skirt, Black Stocking, Black Leather Shoe)
 Hourly rate: $70
 Bonus: +$20/Hour if arrive 15 minutes early and no complaints 
 Duty: Registration/Usher
 
 Whatapps 64307678",normal,Moovup
"商場招聘年輕Promoter
 
 日期 : 11月7-9日*要返哂3日
 時間 : 2pm-7pm
 地點 : 啟德
 時薪 : $90/hr
 
 職責 : 於戶外指定地方招攬客人，叫人登記做商場會員/去商場消費，唔使跑數
 要求 : 化妝，深色頭髮，積極主動，守時，態度友善，能獨立工作
 衣著 : 上身有衫提供，下身自備黑長褲波鞋
 
 如有意請WhatsApp近照到56887266並註明年齡
 
 📣📣📣📣返工前請留意：
 -預早5-10分鐘到達工作地點，遲到有機會取消工作
 -開工前需自拍報到，如需離開工作崗位超過十五分鐘要通知
 -工作時需積極主動，唔好不停玩手機
 -工作期間會有主管不定時抽查，無故失蹤者（包括工作期間）",normal,Moovup
"社交媒體小編
 職責：
 1. 協助管理客戶社交媒體專頁
 2. 計劃和執行社交媒體內容策略及發佈日曆
 3. 撰寫和編輯社交媒體帖文
 4. 管理社交媒體留言和私訊，及時回應查詢和評論。
 5. 分析社交媒體數據，評估內容效果，提供建議以改善未來策略。
 
 申請者必須具備以下條件：
 1. 懂得使用設計軟件優先（Canva, Photoshop, Adobe Illustrator等）
 2. 有責任感、團隊精神、勤奮
 3. 需外出到活動場地工作
 4. 優先考慮能即時上班者
 
 歡迎在校大學生和應屆畢業生！
 聘用形式：兼職
 薪金：$6000/月，每週返3日
 
 如有意請whatsapp林生51670522",normal,Moovup
"💥招💥美容promoter(男女亦可)全職，歡迎寬頻及美容同行 轉埸
 (短期或兼職免問)
 年齡: 16歲或以上
 
 ⏱️一個月八日例假，勞工假另計，上班時間12:00-7:30
 
 ⭐️ 地點:港九新界各區
 
 公司背景:香港有實力美容集團之一，分店遍佈港九新界多達20多間分店，星級藝人代言品牌，旗下設有醫美及痛症公司
 在多個會展展覽(BB展/健康博覽/試食展 )工展會長期合作 ,易開易做✅
 
 💰 月薪:18k起(計佣金)，7號過數出糧(另有獎金，新人可達25k以上)
 
 要求：
 ✅ 有禮貌，勤力主動，儀容整潔 (染髮不能太淺色, Gel甲不可誇張)
 
 工作內容：
 👉🏻 係户外找途人幫助做問卷調查及推廣，設有在職培訓，冇經驗者，設有培訓
 
 ⚠️ 申請以上工作，必需提供下列文件副本，用於安排出糧及僱主供強積金用途：
 1️⃣ 身分證
 2️⃣ 住址證明
 3️⃣ 出糧戶口銀行卡或有戶口號碼銀行信
 
 ⚠️ 必須銀行過數及扣MPF，現金糧免問
 
 ❌ 不守時、冇交帶、無故缺席亦冇提早至少一日請假、冇解釋者勿擾
 
 💥有意請whatsapp 9652 0963林先生，請提供個人照片一張",normal,Moovup
"商場活動招聘年輕Helper
 
 *要返哂2日*
 
 26/10 1330-1730
 31/10 1630-2030
 地點 : 觀塘
 時薪 : $80/hr
 
 職責 : 協助面部彩繪及派糖
 要求 : 黑髮，化妝，積極主動，守時
 衣著 : 上身有衫提供，下身自備黑長褲白波鞋
 
 如有意請WhatsApp近照到56887266並註明年齡
 
 📣📣📣📣返工前請留意：
 -預早5-10分鐘到達工作地點，遲到有機會取消工作
 -開工前需自拍報到，如需離開工作崗位超過十五分鐘要通知
 -工作時需積極主動，唔好不停玩手機
 -工作期間會有主管不定時抽查，無故失蹤者（包括工作期間）請勿打擾",normal,Moovup
"見習教練。有在職培訓。經驗不拘
 
 🌟每月6日假期、每日9小時工作
 
 🌟公司提供各種training津貼
 
 🌟招聘職位：見習健身教練/資深教練
 （ 男女均可)
 
 🌟良好晉升機會
 
 💰薪金: 初入職包薪6個月$18000
 （經驗不拘 公司設有在職培訓）
 
 
 有經驗及教練牌照優先
 有意WhatsApp 93131321",normal,Moovup
"商場中秋拍攝活動
 招聘男女臨時演員
 
 *靚仔靚女，注意，要求視覺年齡20-35歲，外表醒目整潔，不能戴口罩及戴眼鏡*
 
 日期 : 10月6日(一)
 時間 : 8:30pm-11:30pm
 地點 : 觀塘(商場戶外空地)
 薪金 : $150/hr
 
 職責 : 扮情侶玩中秋活動
 要求 : 守時，醒目，有笑容，有拍攝經驗優先
 衣著 : 上身要colourful，無卡通公仔衫，不要黑色及深色衫
 
 如有意請whatsapp正面全身相到56887266並註明身高年齡體重
 
 🎉🎉返工前請留意：
 -預早5-10分鐘到達工作地點，遲到有機會取消工作
 -開工前需自拍報到，如需離開工作崗位超過十五分鐘要通知
 -工作時需積極主動，唔好不停玩手機
 -🌟工作期間會有主管不定時抽查，無故失蹤者（包括工作期間）請勿打擾",normal,Moovup
"西醫診所招聘半職/兼職助護
 長沙灣區
 半職每星期返六天，每天工作5小時，月薪$12,800
 可選擇每星期返五天，薪金面議
 有急救證書優先
 兼職助護時薪$70
 經驗不拘，流利廣東話、英語及普通話，懂電腦操作
 有意者whatapps:96685368",normal,Moovup
"招聘男女神秘顧客
 
 *男女皆可，注意，要求視覺年齡30-50歲，外表斯文醒目整潔*
 
 日期 : 9月26-27日*只能選擇1日
 時間1 : 2:00pm
 時間2 : 2:30pm
 時間3 : 3:00pm
 地點 : 中環
 薪金 : $200*29/9過數
 
 職責 : 於外國樓盤展銷會檢視銷售人員表現，約1小時完成
 要求 : 守時，健談，有耐性
 衣著 : Smart Casual
 
 如有意請whatsapp正面全身相到56887266並註明年齡身高體重報邊日咩時間
 
 🎉🎉返工前請留意：
 -預早5-10分鐘到達工作地點，遲到有機會取消工作
 -開工前需自拍報到，如需離開工作崗位超過十五分鐘要通知
 -工作時需積極主動，唔好不停玩手機
 -🌟工作期間會有主管不定時抽查，無故失蹤者（包括工作期間）請勿打擾",normal,Moovup
"商場招聘醒目男女Redemption Helper
 
 *要求20-35歲，要返哂3日*
 
 日期 : 10月10-12日*要返哂3日
 時間 : 1000-1630
 地點 : 尖沙咀(室內有得坐)
 時薪 : $80/hr
 
 職責 : Redemption工作
 要求 : 識用Excel，守時，需有Redemption經驗，識睇單，懂美妝及奢侈品牌，懂普通話，能獨立工作
 衣著 : 上身有T提供，下身黑色長褲，白色鞋
 
 如有意請WhatsApp近照到56887266並註明年齡
 
 📣📣📣📣返工前請留意：
 -預早5-10分鐘到達工作地點，遲到有機會取消工作
 -開工前需自拍報到，如需離開工作崗位超過十五分鐘要通知
 -工作時需積極主動，唔好不停玩手機
 -工作期間會有主管不定時抽查，無故失蹤者（包括工作期間）請勿打擾",normal,Moovup
"招聘年輕Office helper
 
 *要求20-30歲，每日1小時食飯有薪，要返哂全期共19日*
 
 日期 : 9月4-30日*逢星期一至五(要返哂共19日)
 時間 : 10am-7pm
 地點 : 觀塘
 時薪 : $70/hr
 
 職責 : 協助商場一切工作安排
 要求 : 大專或以上學歷，積極主動，守時，有淘寶Account
 
 如有意請WhatsApp近照及CV到56887266並註明年齡
 
 📣📣📣📣返工前請留意：
 -預早5-10分鐘到達工作地點，遲到有機會取消工作
 -開工前需自拍報到，如需離開工作崗位超過十五分鐘要通知
 -工作時需積極主動，唔好不停玩手機
 -工作期間會有主管不定時抽查，無故失蹤者（包括工作期間）請勿打擾",normal,Moovup
"招聘年輕演員拍開箱片(電動器材用品店)
 
 *要求20-35歲，樣子甜美，口齒伶俐，需自拍一條1分鐘自我介紹片send俾我*
 
 日期 : 7月尾
 時間 : 下午(通常4小時)
 地點 : 旺角分店內
 薪金 : $250/hr
 
 職責 : 協助拍攝幾條短片，有稿背，會放上fb ig yt
 要求 : 有相關經驗優先
 衣著 : 有衫提供
 
 如有意請WhatsApp近照到56887266並註明年齡
 
 📣📣📣📣返工前請留意：
 -預早5-10分鐘到達工作地點，遲到有機會取消工作
 -開工前需自拍報到，如需離開工作崗位超過十五分鐘要通知
 -工作時需積極主動，唔好不停玩手機
 -工作期間會有主管不定時抽查，無故失蹤者（包括工作期間）請勿打擾",normal,Moovup
"招聘銀行信用卡銷售員
 
 日期 : 即日
 時間 : 12:00-20:00（彈性時間工作）
 地點 : 九龍/香港/新界
 月薪: 底薪+佣金 可達35k或以上
 福利：在職培訓、醫療、有薪年假、良好晉升機會
 
 職責 : 戶外銷售信用卡產品
 要求 : 中五學歷以上，有責任心，勤力，上班準時
 
 如有意請WhatsApp近照及CV到56887266",normal,Moovup
"政府工程竣工典禮
 招聘靚靚禮儀大使
 
 *一定要有Comcard ，call time 2:45pm，要求20-40歲，必須化妝，160cm以上*
 
 日期 : 12月12日(四)
 時間 : 3pm-7pm
 地點 : 觀塘海濱公園
 薪金 : $500/Job
 
 職責 : 一般接待工作，引領嘉賓上台及現場一切瑣碎工作
 要求 : 黑長髮，必須化妝，基本英語對答，醒目，態度友善
 衣著 : 有T，外套及黑長褲褲提供，自備乾淨白波鞋
 
 如有意請WhatsApp Comcard到56887266並註明年齡
 
 📣📣📣📣返工前請留意：
 -預早5-10分鐘到達工作地點，遲到有機會取消工作
 -開工前需自拍報到，如需離開工作崗位超過十五分鐘要通知
 -工作時需積極主動，唔好不停玩手機
 -工作期間會有主管不定時抽查，無故失蹤者（包括工作期間）請勿打擾",normal,Moovup
"短期兼職夜班月餅生產/包裝員(6天輪休)
 
 工作時間 :
 20:30 – 05:30 / 21:00 - 06:00 / 21:30 - 06:30
 
 時薪可達$85
 
 **另設新人獎可達$2,000**
 (需在7月14日至7月18日期間入職)
 
 福利 :
 - 冷氣廠房
 - 免費膳食
 - 免費跨區廠車 (天水圍、上水、大埔、九龍塘)
 
 招聘日
 🔜廠房招聘週
 日期：7月14日至7月18日 (星期一至五)
 地點︰大埔工業邨大富街14號
 時間︰09:30 - 17:00 (午膳時間 : 12:30-13:30)
 
 🔜黃大仙中心美心烘焙所招聘
 日期：7月14日 (星期一)
 地點︰九龍黃大仙中心南館地下G11號舖 (地鐵站C1出口)
 時間︰14:30 - 17:30
 
 🔜上水新都廣場美心餅店招聘
 日期：7月17日 (星期四)
 地點︰新上水新都廣場(地下)106b號舖
 時間︰14:30 - 17:30
 
 🔜未能出席以上招聘日，歡迎到廠房面試：
 面試地點: 大埔工業邨大富街14號
 日期: 星期一至星期五 (公眾假期除外)
 時間: 09:30 – 17:00 (午膳時間: 12:30-13:30)
 
 📍申請者請帶備以下文件面試 :
 1. 香港身份證 2. 簽證書（如有）3. 銀行卡 4. 住址證明
 有意應徵者，歡迎致電或whatsApp 6393 5702 https://wa.me/85263935702查詢
 (申請人提供之資料將絕對保密及只作招聘用途)",normal,Moovup
"兼職快餐服務員招聘日 - 無需預約，即場面試！
 應屆DSE畢業生請注意！
 踏出職場第一步，累積工作經驗
 
 日期：6月20日、24日及27日
 時間：上午10:00 – 下午5:00
 地點：旺角奶路臣街38號麥花臣匯香港遊樂場協會優才發展及交流中心3樓 308室
 
 時薪：$70
 工作內容：於跑馬地馬場 / 沙田馬場快餐區工作，為客人出餐，協助開檔及收檔
 
 歡迎DSE畢業生及無經驗人士申請！
 
 聯絡及查詢
 查詢：6110 5055
 應徵者須年滿18歲並出示有效身份證明文件。
 香港賽馬會為平等機會僱主，所收集的個人資料只作招聘用途。",normal,Moovup
"上水📍招聘大量倉務員
 星期一至日穩定更期，長返優先❤️
 9小時工作，1小時食飯（包飯鐘）
 
 日更倉務員📦
 🔔1300-2300 $650
 
 *通宵更*倉務員📦
 🔔2200-0800 $700
 
 Whatsapp 51104722
 https://wa.me/85251104722",normal,Moovup
"Company：The FS Winner Marketing Group
 Position：Sales & Marketing Executive
 💰 Salary：15-25k Base & Commission
 ✅ Benefits：Clear Career Path, Business Trip: Thailand, Taiwan, Singapore, Malaysia, etc,
 ⏰ Time：1000-1800 Flexible DayOff
 📍 Place：TST
 
 🔥 Duties：Brand Promotion (Roadshow and Events), Increase Brand Awareness
 ‼️ Requirements : Outgoing and Good Communication skills, Welcome Fresh Graduates
 
 ☎️ Please Whatsapp 54980242 for more information",normal,Moovup
"公司名稱：HC marketing limited
 招聘職位：marketing assistant parttime
 💰薪酬：6000-8000
 ⭐️員工福利：bonus
 ⏱️工作時間：可面議
 📍上班地點：太子
 
 💻工作內容：
 ✅協助不同合作機構
 推廣教育及醫療品牌 營銷策略設計
 
 ✅與客戶溝通
 助客戶了解相關資訊 協助售後服務
 
 ✅籌劃活動
 協助機構塑造品牌形象
 
 職位要求：
 - 願意學習💪
 - 積極主動🫵
 - 良好溝通協作能力🗣️
 - 18-24歲大專大學生👩‍🎓👨‍🎓
 - 香港永久性居民👩🏻‍💼🧑🏻‍💼
 - 工作經驗不拘🫡
 
 🙇🏿‍♂️如有意可Whatsapp : 68093455🙇🏿‍♂️",normal,Moovup
"公司名稱：PTC limited company
 招聘職位：Promoter
 💰 薪酬：$80-90/Hr
 ⏰ 工作時間：一星期需要三至五天，時間彈性
 📍 上班地點：太子
 🔥 工作內容：幫助上市公司做推廣策劃活動，back office online customer service，跟進客戶售後服務。
 
 ‼️ 其他要求(選填)：勤力，守時，有責任心，團隊合作，良好溝通。
 
 🙇🏿‍♂️如有意可Whatsapp : 6709 2320🙇🏿‍♂️",normal,Moovup
"👨🏻‍✈️保得物業管理有限公司👨🏻‍✈️
 
 招聘康樂助理 / 高級康樂助理‼️
 📍赤柱大潭區/(筲箕灣有免費接駁巴士直達)
 💰月薪 : 16K – 17.5K
 
 📆每週工作5.5天，9小時工作
 📈良好晉升機會
 ✅包每天膳食
 ✅穿梭巴士接送
 
 職責:
 負責一般會所康樂事務及解答客戶查詢🔍
 
 🎉其他福利:
 - 醫療保險
 - 超時工作津貼
 
 有意請聯絡:
 Whatsapp 56811240✅
 致電28139877王生✅",normal,Moovup
"⭐️日常茶室⭐️
 
 👨‍💻招聘職位：早更侍應/夜更侍應/樓面主任
 
 💰薪酬：$15500+/$19000+/$21000+
 
 🎉員工福利：膳食，有薪年假，勞工假，生日假，營業額達標獎金💰等等
 
 ⏰工作時間：每週6天工作
 早更侍應：0730-1630
 夜更侍應：1130-2130
 樓面主任：1200-2200
 
 📍上班地點：將軍澳
 
 🔥工作內容：接待客人，安排座位，落單，傳菜，其他樓面工作💼
 
 其他要求(選填)：
 ⭐️主動、勤奮、有禮
 ⭐️有餐飲經驗更佳
 
 ☎️ 有意請Whatsapp 55778380 約見
 
 Whatsapp https://wa.me/85255778380",normal,Moovup
"⭐️Kai Fei Company⭐️
 
 👨‍💻招聘職位：高級時裝Sales
 
 💰薪酬：$15000-$18000
 
 🎉員工福利：醫療津貼、勤工獎、化妝津貼、花紅（連花紅人工可高達$27000）💰
 
 ⏰工作時間：每週五天工作11:30-8:00，輪休
 
 📍上班地點：鰂魚涌
 
 🔥工作內容：主要銷售高級女裝👚處理門市及網上訂單
 
 其他要求(選填)：
 ⭐️主動、勤奮、有禮
 ⭐️有1年或以上銷售經驗
 
 ☎️ 有意請Whatsapp 90135309 約見",normal,Moovup
"🏢美容連鎖集團招募
 
 👨‍💻招聘職位：美容學徒 推廣助理
 
 💰薪酬： $16k起
 
 📍上班地點：尖沙咀/荔枝角
 
 其他要求:
 ⭐️良好溝通
 ⭐️積極優先
 
 ☎️ 有意請Whatsapp ‪+852 6271 6851‬ 約見",normal,Moovup
"🏢AIA保險公司團隊
 
 👨‍💻招聘職位：兼職秘書
 
 💰薪酬： $70-$80/HR
 
 ⏰工作時間：每星期兩至三天 (時間可彈性安排)
 
 📍上班地點：觀塘
 
 🔥工作內容： 文書事務、處理客戶文件、處理信件、回覆電郵、活動策劃
 
 其他要求:
 ⭐️中五學歷或以上
 ⭐️懂電腦基本操作Microsoft Office
 
 ☎️ 有意請Whatsapp NIKI 62387745 約見",normal,Moovup
"🏢時尚品牌連鎖專門店
 
 👨‍💻招聘職位：聖誕兼職店舖助理
 
 📆工作日期：即日起至 2024年1月31日
 
 💰薪酬：$680日薪
 
 ⏰工作時間：9:30-19:00 / 12:00-21:30 (可與店舖經理協商)
 
 📍上班地點：中環、尖沙咀、銅鑼灣、金鐘 (工作地點會因應人手需要以作安排)
 
 🔥工作內容：提供顧客服務，協助日常店鋪運作，整理貨品、貨架，維持貨倉整潔。
 
 其他要求(選填)：
 ⭐️深色髮色，儀容整潔。
 ⭐️每週最少能夠工作三天或以上。
 
 ☎️ 有意請Whatsapp 余小姐 5591 4968 約見",normal,Moovup
"公司名稱：Mama Mia! Pizzeria
 招聘職位：Cashier
 💰 薪酬：18K
 ✅ 員工福利：每月8天例假，每年12天大假
 ⏰ 時間：1130-2130
 📍 上班地點：九龍城區工作 (鄰近港鐵站)
 🔥 工作內容：
 - 負責日常收銀工作
 - 核對和檢查現金
 - 負責跟進外賣訂單及處理外賣包裝等工作
 - 負責鋪頭清潔工作
 
 ‼️ 其他要求
 - 熟悉POS運作
 - 能以英語和廣東話書寫及溝通
 - 誠實、善於溝通
 - 良好的客戶服務態度
 
 ☎️ 有意請WhatsApp Raymond Mak 9516 6436約見",normal,Moovup
"公司名稱：Panda Media Limited
 招聘職位：Indoor Promoter
 💰 薪酬：日薪$380（返齊四日日薪$420）
 ⏰ 工作時間：1:00pm-7:00pm/12:00nn-6:00pm
 📍 上班地點：港島/九龍/新界
 🔥 工作內容：宣傳App優惠計劃+派發禮品
 👕 衣着要求：有Tee提供，黑色長褲及波鞋
 ‼️ 其他要求：
 有推廣員及銷售經驗優先
 
 有意請WHATSAPP ☎️",normal,Moovup
"公司名稱：The FS Ignite Marketing group
 招聘職位：Sales & Marketing Internship
 💰 薪酬：10k-20k 豐厚佣金及獎金
 ✅ 福利待遇：年輕團對+愉快工作氛圍+在職培訓
 ⏰ 工作時間：彈性工作時間
 📍 上班地點：尖沙咀
 🔥 工作內容：為品牌進行推廣，建立品牌形象，進行室內外營銷推廣工作
 
 ‼️ 其他要求：
 外向及良好溝通技巧
 歡迎應屆畢業生/兼職
 
 有意請WHATSAPP send CV",normal,Moovup
"公司名稱：Manulife Rocket Team
 招聘職位：財富管理經理
 💰 薪酬：10k-50k 另加佣金
 ✅ 員工福利：專業執照全額津貼+職前培訓
 ⏰ 工作時間：彈性工作時間
 📍 上班地點：牛頭角
 🔥 工作內容：為客人提供全面理財分析，建立自己的活力團隊
 
 ‼️ 其他要求：
 中五畢業以上，大學畢業優先考慮
 
 有意請WHATSAPP 約見 ☎️",normal,Moovup
"Educational Co-ordination $12000
 Main duties include:
 • Assist in administration of education programmes
 • Receive and manage attendee registrations
 • Assist in marketing and promotion of education programmes
 • Provide preparation and on-site support during events
 Requirements
 • fluent English and Chinese (Cantonese) required
 • must have good typing skills
 • must be well organized
 • must be able to multitask
 • must be highly proficient in microsoft office - word, excel
 • proficient with adobe software - photoshop, illustrator, (preferred but not required)",normal,Moovup
"Senior Education Consultant $23000
 Education Consultant $20000
 
 Responsibilities:
 • Provide overseas education consultation and information to students/parents
 • Administer lodgment and completion of student applications
 • Handle enquiries and administrative duties related to student recruitment
 • Participate in ace and its clients’ marketing activities and projects
 • Build and maintain a good relationship with students, parents and institution partners
 • Travel overseas to attend workshops and visit partner institutions when needed
 Requirements:
 • An appropriate university degree and overseas study experience, preferably from Australia or the UK
 • Good understanding of the local and overseas education industry
 • Excellent presentation and communication skills
 • Good team player, service-oriented, self-motivated, responsible, and hardworking
 • Good verbal and written English and Chinese, ability to speak Mandarin is preferable
 • Application for Senior Education Consultant would require no less than 3 years of relevant working experience, an advantage in a related service industry
 • Candidate with less experience will be considered as Education Consultant
 • Immediate available is preferred",normal,Moovup
"誠聘
 全職萃茶師
 
 - 月薪：$16000-高達$19500
 - 工作時間: 8小時+1小時用膳
 - 輪休假，月休5天
 - 有薪年假、勞工假
 -旅遊津貼 $4000
 -新人獎金 $1000
 - 生日假
 - 營業達標獎金
 - 勤工獎金、加班津貼、優質服務獎金
 - 強積金
 - 員工醫療保險
 - 提供在職培訓，良好晉升機會
 
 工作要求：
 有團隊精神、主動積極、誠懇有禮、守時、富責任感
 訓練基本職能/
 進階管理及銷售能力/
 區域經理及店長培訓/
 學習茶知識
 
 有意者，請Pm
 wa.ma/85251179165‬ (李小姐)",normal,Moovup
"公司背景：全球其中一間最大的私人英文教育機構。
 Sales Executives (Telesales)
 職位空缺： 16 位
 
 月薪：HK$15K – 16K
 佣金：頭3個月有迎新佣金 (HK$2,000)，之後按銷售表現計算
 福利：10天年假，第二年15天，第七年20天，醫療及人壽保險
 
 上班地點：中環、銅鑼灣、旺角、觀塘、葵芳
 
 上班時間： 輪班制
 星期一至五： 1200 – 9:00PM
 星期六： 1200 – 8:00PM
 星期日： 1100 – 6:00PM
 
 每月休假7天
 
 please wtsapp 96899529 if interested",normal,Moovup
"美容院Receptionist 👧🏻
 歡迎應屆畢業生
 
 Salary
 •14+1k
 
 Job Highlights
 •清晰晉升階梯及良好工作前景
 •接待顧客及為顧客安排預約服務
 
 Job Description
 職責:
 • 接待顧客及為顧客安排預約服務
 • 一般文書工作
 
 要求:
 • 中五程度或同等學歷
 • 歡迎應屆畢業生
 • 工作地點:銅鑼灣 及 尖沙咀
 
 優厚福利:
 • 星期日及勞工假休息
 • 例假高達6天
 • 有薪年假10天起
 • 每月免費療程及員工優惠
 
 for more details pls wtsapp
 96899529",normal,Moovup
"公司秘書
 文憑或以上學歷，或有1年秘書/行政經驗者更佳（歡迎應屆畢業生/ 轉行人士）
 在職培訓、每月津貼、發展機會、醫療福利、年假
 5 DAYS 薪酬待遇
 崗位職責：
 為上司及團隊的事務提供協助和支援；
 負責編排、記錄上司的事務，包括會議、外出、培訓等；
 處理郵件、電話、文件等其他行政職責；
 完成上司分配的各項事務
 
 工作要求:
 文憑或以上學歷更佳（歡迎應屆畢業生）；
 歡迎轉行人士，有1年秘書/行政經驗者更佳；
 能進行中英文書面及口語溝通即可，操流利普通話更佳；
 良好的溝通和人際交往能力；
 獨立、守時，能處理不同事務；
 注重細節，條理清晰，有責任感；
 熟悉Microsoft Office和中英文拼寫
 
 12-18k視乎經驗
 
 Email: joy.hr2022@gmail.com",normal,Moovup
"將軍澳烈酒專門店
 全職和兼職烈酒店長
 
 工作地點-
 將軍澳店
 
 職責-
 提供顧客服務,處理店務
 
 學歷要求-
 中六程度 歡迎大學生
 語言能力要求
 普通話, 英文, 廣東話
 有烈酒 /啤洒零售經驗優先
 良好顧客服務及溝通技巧
 
 工作時間-
 每週最低工作日數 3天, 每星期必須工作最少30小時 時薪$70
 
 可享有銷售佣金,員工購物折扣優惠
 
 有意者請WhatsApp
 65893993",normal,Moovup
"西貢Bakery & Cafe🥧☕️
 
 兼職店舖助理
 Part time Shop Assistant
 
 📍上班地點: 西貢
 ⏰時間:每天8-10hrs (另議)
 💰時薪: $60-$75/hr (視乎經驗)
 無經驗也可
 (每週能工作3-4天, 包括星期五,六,日)
 
 工作內容:
 -協助店舖日常運作; 為客點餐, 並提供食物及飲料; 負責沖調咖啡飲品，製作簡單食物
 -店舖日常預備工作, 包括叫貨及展示產品
 -店舖清潔工作
 
 要求:
 主動,有餐飲,咖啡廳,工作經驗為佳
 良好英語及普通話，流利廣東話
 積極主動、富責任感及團隊精神
 
 有興趣請Whatsapp
 wa.me/85266824820
 
 包括以下資料:
 1. 年齡, 性別,相片近照(正面)
 2. 應徵職位
 3. 可上班日子
 4. 相關工作經驗
 5. 期望薪金",normal,Moovup
"Education Centre 請人👩🏻‍🏫👨🏻‍🏫
 
 Full/Parttime Receptionist
 (如果係大學生返工時間需要上Zoom堂都可以)
 Full time: 15k
 part time:另議
 
 Location: 紅磡 (土瓜灣附近)
 
 更多詳情/有興趣請Whatsapp Gianne
 wa.me/85269229578",normal,Moovup
"九龍城中式餐廳請侍應
 (長期Part-time)🍴
 歡迎學生，有經驗優先
 💰 $300/日，每更5小時 (包膳食、飯鐘)
 ⏰逢星期二、五、六、日 5:30-10:30PM
 *可以返足7日
 
 現金出糧，每半個月出一次，1號&16號
 
 要打齊2針
 
 for more details pls wtsapp
 69229578 Gianne",normal,Moovup
"(兼職筍工)在家工作上架員
 
 上期大受歡迎，今Po繼續，不過性質有小小唔同，今次係協助店主找更多貨品上架平台
 
 工作：工作簡單，協助聯絡供應商及商戶上架產品，聯絡內容複制貼上即可，無須思考
 
 地點：在家工作
 
 時間：不限，完成指完工作即可。
 
 合作費用：高達$100/job，Whatsapp for details
 
 面試：毋須任何面試，表現好自然獲繼續，最佳表現者有機會獲進入核心銷售團隊(需面試)，合作費用將獲提高，視乎表現而定。
 
 過數：Payme
 
 由於筍工，查詢眾多，回應需時，請先Whatsapp 68485473，於想做的工作編號/名稱注明：#upload，合資格者將會獲通知加入該份工作群組。",normal,Moovup
"兼職打字(短期)
 
 職責：協助老闆打所需要資料
 
 地點：觀塘。
 
 時間：星期六/日 6小時，有需要將延長2小時。
 
 面試：需要約時間當日面試，通過後即日工作。
 
 日薪：$640-$800/6-8小時
 
 出糧：現金
 
 由於查詢眾多，回應需時，請先Whatsapp至68485473，注明：#type，介紹自己，如合資格，將獲聯絡。",normal,Moovup
"在家工作 文稿投稿員 高達$1,000/篇
 
 100字：$100
 500字：$500
 1,000字：$1,000
 
 職責：寫出符合主題的稿件，發佈在平台，每期主題不同，字數不同，根據字數有相應賞金，長期徵稿(每期有申請截止時間)
 
 須加入群組(不會顯示電話號碼)，群內統一發佈稿件主題、主題要求、參考稿、條款細則及公布中稿人。
 
 地點：在家工作。
 
 時間：不限，完成指完工作即可。
 
 面試：毋須任何面試，須過稿，過稿10篇者有機會簽約長期合作。
 
 出糧：Payme/轉數快
 
 由於筍工，查詢眾多，回應需時，請先Whatsapp至68485473，注明：#article，將會獲發表格一次過通知參加。",normal,Moovup
"(兼職筍工)在家工作上架員：大量第一貨源產品，包括奢侈品、大中型品牌餐飲券、大中型品牌衣物、超市海味鮑魚等大量零售產品，需要於不同平台/網站上架產品/服務。
 
 只須於各大社交平台上架童裝即可賺每件產品$20-$100(視乎產品)，另+佣金$20-$100佣金(視乎產品)，上限合作最多1,000個產品。
 
 產品每期不同，可按興趣上架產品，以賺取佣金。
 
 上架時間：至少一星期或以上(因應產品而定)
 
 工作：於平台上架產品(複制貼上即可)。
 
 地點：在家工作
 
 時間：不限，完成指完工作即可。
 
 面試：毋須任何面試，表現好自然將獲推荐上架更多產品，最佳表現者有機會獲進入核心銷售團隊(需面試)，佣金將獲提高，並且上架合作最多1,000個產品，賺取更多佣金，視乎表現而定。
 
 出糧：Payme
 
 由於筍工，查詢眾多，回應需時，請先Whatsapp回覆#Sell。將會獲發表格一次過通知參加。",normal,Moovup
"(兼職筍工)貼告示
 
 需往各大廈張貼政府部門通告，每小時$70-$150(視乎熟手程度)，工作時間0900-1600，有機會OT，接Order工作。
 
 條件要求：
 
 1. 必須身體健康，具備體力;
 2. 需對街道熟悉；
 3. 並且達到指定貼告示數量。
 
 即日出現金，有興趣Whatsapp報名編號：#2311",normal,Moovup
"(兼職) 投稿員
 
 在平台上發布指定文章。
 
 報名要求：
 1. 不限時間和地點
 2. 18歲以上，準時交job，認真。
 
 工作報酬：
 按完成量計算，約$50-$300/日，即日現金出",normal,Moovup
"(兼職筍工)貼通知
 
 需往各大廈張貼政府部門通告，每小時$70-$100(視乎熟手程度)，工作時間1400-1800，有機會OT，具備體力，需對街道熟悉，並且達到指定貼通知數量。",normal,Moovup
"(兼職)IG POST 圖片設計
 
 每小時$40-$80，工作時間1400-1800，每週三至五天，輪休，每天工作4-6小時
 
 須有設計經驗，協助IG 管理員設計圖片，包括時事圖片、產品圖片。",normal,Moovup
"(兼職)Wordpress網站編輯
 
 每小時$40-$50，工作時間1400-1800，每週三至五天，輪休，每天工作4-6小時
 
 協助管理網站，須懂Wordpress，具備一定電腦技巧。",normal,Moovup
"IG出文員 每小時$40-$50，工作時間1400-1800，每週三至五天，輪休，每天工作4-6小時
 
 定時定候協助FB專員出文",normal,Moovup
"電腦配件用品Promoter
 -2025年11月29, 30日& 12月6, 7,13,14, 20, 21, 24, 25, 26, 27日 (Total 12日)
 -11:00-19:00
 -$70/時薪(45分鐘有薪飯鐘)
 -將軍澳千色店
 -必須去office上 1小時training
 
 工作範圍：
 -鍵盤, 硬碟,電競椅等電腦配件銷售
 -開朗主動, 認真準時
 
 申請職位,提供英文全名和近照
 Whatsapp 5148 4729 彭小姐
 https://wa.link/n5iiu2",normal,Moovup
"試飲宣傳車promoter ⭐
 ⭐🛻11月26日-12月9日 (14天)
 💰$85/時薪
 📅平日一至五: 11:00-15:00
 📅星期六&日: 13:00-17:00
 (協助 *特別外勤* 的同事每日多+$100津貼)
 
 -港島九龍旺區遊走不同點, 每日一個地方
 -幫手宣傳新飲品, 協助試飲
 -有大會上衣, 自備長黑衫&黑/白淨色波鞋
 -至少可返4日或以上優先
 -要求熱情主動， 有活力有責任心
 
 有興趣申請者, 請連同英文全名&近照 whatsapp 51484729 彭小姐
 https://wa.link/n5iiu2",normal,Moovup
"名牌時裝店務助理
 
 -10月18 至 31 日
 -10:00AM to 19:00PM
 -TST 廣東道 上班
 -時薪$70+5*(1小時無薪飯鐘)
 **已報更份無遲到，早退，及缺席者，每小時可獲 $5 獎金
 
 工作要求:
 -自備全黑衫褲, 黑色波鞋
 -協助推銷產品及取貨等...
 - 報更日數較多者優先考慮
 
 如有興趣請回覆英文全名及近照 whatsapp 51484729 彭小姐
 https://wa.link/n5iiu2",normal,Moovup
"CWB名牌開倉活動助理
 -10月14- 20日
 -約09:30-22:30 (有全日 / 晚更)
 -每小時$70+5* (45分鐘無薪飯鐘)
 -已報更份無遲到，早退，及缺席者，每小時可獲 $5 獎金
 -銅鑼灣上班
 -黑衫，黑長褲，深色波鞋
 -攞貨，基本客戶服務
 
 ✳如有興趣者, 請將英文全名，近照Whatsapp 5148 4729 彭小姐
 https://wa.link/n5iiu2",normal,Moovup
"戶外用品店-兼職售貨員
 -$80/ 時薪
 -星期一至六 14:00-20:00
 -星期日/公眾假期 13:00-19:00
 -旺角上班
 
 -負責產品銷售
 -為顧客提供產品介紹
 -負責協助店舖一般是事務
 -有相關零售經驗者優先
 -性格開朗外向，工作積極主導，有責任感
 
 申請職位,提供英文全名和近照
 Whatsapp ONLY 蔡小姐 6982 8619",normal,Moovup
"**誠聘見習或有牌地產代理** 🌟
 
 *工作時間*：8～9小時（彈性上班時間）
 📍 **工作地點**：尖沙咀 / 佐敦 
 💰 **薪金**：$7500 + 佣金 
 
 ## 職位要求：
 - 中五學歷
 - 無經驗亦可考慮
 
 ## 工作內容：
 - KOL拍攝及制作
 - 協助客戶買賣物業
 - 提供專業地產諮詢
 - 學習並參與市場推廣活動
 
 ## 我們提供：
 - 完整的培訓計劃
 - 專業的指導與支持
 - 優厚的佣金制度
 
 陳生：98280157
 我樂於教導或培養新人，讓你投身地產行業，實現財富自由！買車買樓無難度！
 快來加入我的團隊，開啟地產事業之路！",normal,Moovup
"銀行電話銷售-（信用卡貸款和個人貸款）
 
 -星期一至五 9:30AM - 6:30PM
 -月薪$16,000-25,000
 -另設月佣+季佣+年終獎
 -北角上班
 
 工作內容/要求:
 -於銀行熱線中心內電話行銷
 -向現有客戶推廣個人貸款和信用卡產品
 -推廣服務及產品優惠, 提供在職培訓
 -主動積極、具良好聆聽、溝通及銷售技巧
 -基本電腦運用經驗
 -必須中五/DSE或以上程度, 歡迎畢業生
 -熟悉電話或其他行業推銷經驗均可優先考慮
 
 申請職位,提供履歷和近照Whatsapp 5148 4729 彭小姐",normal,Moovup
"全職售貨員
 
 月薪:
 17000-22000/月薪
 
 時間:
 10:00-20:00/14:00-00:00
 09:30-19:30/13:30-23:30
 
 地點: 旺角/ 佐敦/ 中環/ 灣仔/ 觀塘/ 大圍
 
 內容:
 -解答客人問題
 -維持貨場整潔
 -向客人推銷手機配件貨品
 -流利粵語
 
 申請職位,提供履歷和近照
 Whatsapp 陳先生 9430 4597",normal,Moovup
"招聘職位:地產KOL
 職位類型: 全職
 月薪: 可底薪+佣金
 工作時間: 9小時
 地點:尖沙咀
 
 內容:
 - 主要負責拍片同剪接介紹樓盤
 - 協助客戶買賣物業
 - 提供專業地產諮詢
 - 學習並參與市場推廣活動
 - 尋找新客户
 工作要求:
 -中五或DSE畢業
 -18歲以上
 
 如有興趣者，請連Whatsapp 9828 0157 陳先生",normal,Moovup
"酒店節日食品-售後服務助理(短期)
 
 -隨時可上班, 暫定到10月中
 -每星期可返3-5日
 -時薪$65+15*(包一小時飯鐘)
 *註:沒有遲到/早退/缺席，及每月上班日子滿指定日數，每小時+ $15
 -輪班 9小時工作
 -11:00-20:00(暫定)
 
 工作要求:
 -回答產品優惠查詢
 -協助回覆線上/線下的訂單售後服務
 -協助換領服務
 -良好廣東話及基本英文溝通、有禮貌、積極主動
 -需自備黑衫, 黑長褲, 深色波鞋
 
 如有興趣者，請連同英文全名、近照
 Whatsapp 5148 4729 彭小姐
 https://wa.link/n5iiu2",normal,Moovup
"兼職會計助理 (Whatsapp Taner#90222762 申請)
 日期: 10月尾開始; 為期大概6個月
 時間: 星期一至五; 09:00-18:00; 每星期2-3日
 地點: 香港國際機場航天城辦公室
 時薪: $70 (包飯+包飯鐘)
 職責: Filing/Data Entry/Admin Support/對單入機
 要求: 一定要6個月長期每星期都返到2-3日; 必須有相關Accounting/Finance工作經驗者; 識用MS Office(例如Vlookup,Pivot table等功能)優先考慮; 識打中文字; 細心及具備良好溝通能力",normal,Moovup
"室內空間記錄員 (Whatsapp Janice #6620 6697申請)
 
 沙田 10月13-24日, 09:00-18:00 (培訓日期: 10月10日10:00-12:30 )
 九龍灣 11月3-14日, 07:00-16:00 (培訓日期: 10月28日15:00-18:00)
 荔枝角 11月18-24日, 07:00-16:00 (培訓日期: TBC)
 
 *(只需逢星期一至五工作, 工作前需親身出席2-3小時有薪培訓)*
 時薪: $60(一小時有薪飯鐘)+$10(無遲到/早退/缺席)
 服飾: 黑色上衣(無Logo), 黑色長褲, 純色運動鞋
 職責: 用IPAD到工作地點(如無公司會提供), 觀察地點內人群狀況(例如什麼時段少人多人使用etc.)並進行簡單紀錄,
 要求: 番到全期優先考慮 , 懂英語簡單讀寫, 有相關工作經驗者優先考慮",normal,Moovup
"🔥🔥🔥🔥🔥🔥🔥啟德體育園(全國運動會)工作崗位招募🔥🔥🔥🔥🔥🔥🔥
 全國運動會賽事將於2025年11月於啟德體育園舉行，全運會是中國規模最大、水平最高的綜合性運動會🏅，每四年舉辦一屆。香港賽區的相關工作由統籌辦及啟德體育園共同協調。Manpower 作為啟德體育園的指定人力資源合作機構，現進行公開招募👥
 
 啟德體育園(全國運動會)所需崗位如下:
 收銀員 $90/hr [職責: 於小食攤位中負責收銀工作, 必須具備一定的英語能力]
 食物包裝員 $86/hr [職責: 於小食攤位中負責食物包裝及倒飲料工作]
 廚師學徒 $90/hr [職責: 於廚房內協助主廚助廚協作備料]
 西廚 $115/hr [職責: 按照主廚的指示去烹煮當日指定菜式, 必須具備一定廚房年資]
 洗碗員 $95/hr [職責: 依照指示清潔廚房用具,必須具備操作洗碗碟機經驗]
 
 有興趣同事請以”啟德全國運動會工作申請_你的姓名_電話號碼“為標題, 內文可以為空白，發送電郵至kaitakproject@manpowergrc.hk, 我們同事將電郵發送相關申請表格給你, 截止日期為2025年9月25日（星期四）",normal,Moovup
"服飾) 銷售助理 (Whatsapp Joan #59275108 申請)
 日期：10月6-23日 (共16日)
 時間：09:30-22:00 (當中9-10小時)
 Shift A: 09:30 - 18:30 (60分鐘無薪飯鐘)
 Shift B: 13:00 - 22:00 (60分鐘無薪飯鐘)
 地點：銅鑼灣
 時薪：$90+(按表現有銷售獎金)
 職責：推銷服飾, 協助處理店內其他事宜等
 要求：主動/積極，流利中英文, 可全期上班, 有銷售經驗 (特賣場)優先 ,需參與網上面試及培訓
 申請時請附上履歷表和近照",normal,Moovup
"精品Sales Associate (Whatsapp Ferry #9809 3740連同CV近照申請)
 日期: 9月1日-10月12日 (一星期最少返3日或以上, 必須每月有兩日或以上星期六日工作)
 時間: 10:00-22:00 (編更制; 其中9小時, 一小時有薪飯鐘)
 時薪: $65 (+$15/小時 attendance bonus)
 地點: 尖沙咀/中環/銅鑼灣/金鐘
 服飾:公司提供制服, 自備黑長褲+黑皮鞋, 長髮過肩需綁好
 職責: 向客人介紹及推廣產品, 協助店鋪日常運作, 提供良好的顧客服務
 要求: 有相關銷售工作經驗及一星期最少返3日或以上者優先考慮，星期六日可上班優先考慮, 高主動性",normal,Moovup
"拍賣會小助手 (Whatsapp Jasmine #61278094申請 )
 日期: 2025年7月28日（星期一）
 時間: 中午12:00至下午4:00（4小時）
 時薪: $65
 地點: 沙田
 服飾: 商務正裝（例如西裝或禮服）
 職責: 按指示於拍賣會中提供支援工作
 要求: 擁有適合進出拍賣場所之服裝，準時有禮,，有經驗者優先考慮
 
 如果你對上述職位有興趣, 請連同你的
 1.履歷（CV）
 2.全身商務正裝照片
 3.30秒粵語自我介紹影片",normal,Moovup
"Booth Helper (Whatsapp #59275108申請)
 日期：7月5日-7月6日
 時間：11:00-18:00 (7小時)
 地點：HKCEC
 時薪：$60
 職責：負責介紹攤位, 派發小冊子, 播放影片
 衣著：Business Formal
 要求：中英文流利, 有測試背景工作經驗優先,歡迎應屆畢業生, 必須出席7月2日位於黃竹坑briefing
 *申請時請附上CV及近照*",normal,Moovup
"Administrative Assistant (WhatsApp Sandy#55919352申請)
 
 *_Responsibilities:_*
 * Responsible for general office administration duties and clerical support;
 * Responsible for procurement of office supplies, electronic devices and professional services;
 * Liaise with external service providers;
 * Assist in preparing the annual budget for Office Administration Team;
 * Assist in scheduling and coordinating meetings and minutes taking
 * Back up the receptionist (if required);
 *_Requirements:_*
 * Degree holder in Business Administration or related discipline(s);
 * 1-2 years of relevant experience in sizable companies is preferred; fresh graduates are welcome;
 * With strong sense of responsibility; Well organized and detail oriented;
 * Full of team spirit, good interpersonal and communication skills;
 * Good command of written and spoken English and Putonghua;
 * Proficient in MS office Word, Excel, PowerPoint and Chinese Word Processing;
 * Immediate available will be an advantage
 Date: Mondays – Fridays
 Time: 09:00 – 18:00
 Location: Central
 Salary: Negotiable",normal,Moovup
"Marketing & Admin Executive/Specialist (up to 28K)
 (WhatsApp Taner#90222762 申請)
 日期: 即日起
 時間: 星期一至五 ; 09:00-17:00
 地點: 鰂魚涌
 月薪: 可議
 職責：與團隊和合作夥伴協作，執行行銷活動和包裝專案，支援活動在地化，分析市場趨勢和監控競爭對手，協助制定行銷預算，提供行政支持，主導內部互動活動，參與臨時項目，為行銷專案提供行政、營運和協調工作，並聯絡相關方。
 要求：相關學士學位，至少兩年大型公司工作經驗，最好在快速消費品行業，具商業意識、策略思維和分析方法，跨職能專案管理經驗，出色溝通能力，積極主動，能獨立工作，優秀英語和普通話表達能力。
 申請時請提供1.目前及預期薪金 2.CV 3.可上班日期",normal,Moovup
"商場積分換領/推廣Supervisor (Whatsapp Taner #90222762連同CV近照申請)
 合約期：由7月開始（一年合約）
 地點：沙田
 月薪：面議
 職責：監督商場積分換領/推廣日常運作及管理；準備每日輪值表並分配工作；培訓、監督和評估員工績效；處理投訴
 要求：具商場或活動監督/主管經驗；良好的中文、英文和普通話能力
 
 申請時請提供 1. 預期薪金 2. 履歷及近照 3. 可上班日期",normal,Moovup
"About the Role
 We are looking for a Mobility Operations Intern to support our Hong Kong team. This internship offers exposure to how a rideshare platform operates in a highly competitive and dynamic market. You will collaborate closely with the Operations team and cross-functional partners to drive initiatives that enhance driver and passenger satisfaction.
 
 Key Responsibilities
 
 Support strategies for attracting and acquiring new drivers, including incentive programs and engagement activities.
 
 Communicate with drivers and gather feedback to implement operational improvements.
 
 Assist in creating and maintaining support materials, FAQs, and process documentation.
 
 Conduct market research on mobility trends, competitor strategies, and driver preferences in Hong Kong.
 
 Monitor and analyze key operational metrics such as supply-demand balance, trip completion, and incentive performance.
 
 Provide data-driven insights and recommendations to improve efficiency and driver experience.
 
 Collaborate with Product, Marketing, and Customer Support teams on initiatives for the Hong Kong market.
 
 Requirements
 
 Current undergraduate student in Business, Analytics, Engineering, or a related field.
 
 Strong analytical skills; proficient in Excel/Google Sheets (SQL knowledge is a plus).
 
 Good communication skills in both Cantonese and English.
 
 Proactive, detail-oriented, and eager to learn.
 
 Passionate about the mobility, transport, or tech platform industry.
 
 What We Offer
 
 Hands-on experience in ride-hailing and platform operations.
 
 Opportunities to work on impactful projects and gain real-world insight.
 
 Collaborative learning environment with experienced mentors.
 
 Paid internship based in Hong Kong (6 months, full-time preferred).",normal,Moovup
"This is a Golden opportunity to experience the Asset and Risk Management Industry. We believe in providing a high quality training of financial services that fosters continuous professional development to high new worth individuals and proven to significantly enhance client’s portfolio.
 
 Candidates who are looking for an opportunity where provide professional training support to experience the business environment and career development are welcome to join our program:
 
 
 
 Requirement:
 
 Degree holder in all discipline
 
 Energetic and outgoing
 
 Mature, self-motivated, hardworking and willing to learn
 
 Part time working experiences and Fresh Graduate are welcomed. (1-2 years working experience is an advantage.)
 
 Experience in banking industry or background in mainland will be an advantage
 
 Hong Kong Students are also welcome
 
 Fluent in English and Chinese is an advantage
 
 
 
 Responsibilities:
 
 Perform marketing research and analyze business model, market and policies
 
 Draft research reports on potential acquisition targets or investment opportunities
 
 Analyze external economic trends, political and legislation changes, for their financial impact on the investments;
 
 Provide professional advice for clients on asset Management and asset protection
 
 Constantly meeting both individual and corporate clients, monitor clients' investment and react on market changes Communicate with fund houses and product providers
 
 
 
 Interested parties please click Apply Now.
 
 Please note: Short listed candidates will be notified within eight (8) weeks of the date of this advertisement. All personal data collected will be kept confidential and used for recruitment purposes only.",normal,Moovup
"What You'll Do:
 
 Provide support in responding to merchant inquiries & Klook product onboarding
 
 Facilitate the Klook product from existing platform to the new platform
 
 Klook product feedback collection
 
 
 
 What You'll Need:
 
 Attention to Detail and Patience: 90% of the work involves executing operational tasks
 
 Work Hours: At least 3 days a week
 
 Language Skills: Strong English reading and writing skills; good English listening and speaking skills are a plus",normal,Moovup
"日期: 27/11 - 1/12
 
 時間: 11:00-22:00 (按地點而定其中9hrs), 1小時無薪飯鍾
 
 地點: 金鐘, 銅鑼灣, 尖沙咀, 觀塘, 沙田
 
 時薪: $70/hr
 
 番足全期(27/11-1/12), 無遲到早退 時薪: $75/hr
 
 
 
 工作內容:
 
 * 熱情迎接客人
 
 * 保持店鋪環境清潔
 
 * 控制人流
 
 要求:
 
 * 番到全期優先
 
 * 積極, 主動, 守時, 有負責心
 
 * 有禮貌, 良好工作態度
 
 * 良好溝通能力, 懂英語及普通話",normal,Moovup
"Responsibilities: 
 
 Assist with daily operations of the cruise terminal;
 
 Assist in leading and managing part-time staff;
 
 Offer assistance and services to tourists;
 
 Responsible for maintaining order and crowd management at the cruise terminal;
 
 Provide various concierge services;
 
 General clerical work, including data entry, assisting in writing reports, etc.
 
 
 
 Requirements: 
 
 Good command of both written and spoken English, Chinese and Putonghua;
 
 Proficiently in Microsoft Office;
 
 Minimum 2 year of work experience in customer service, hospitality and travel industry;
 
 DSE or above;
 
 Immediate available is highly preferred
 
 
 
 Working Hours: 6 - 12 hours per day; 5 days per week; shift duties: 06:00 - 22:00 (depending on actual ship calls)
 
 Hourly Rate: HK$93
  
 
 We offer attractive remuneration package, medical and insurance benefits, annual leave and provident fund. Please respond in complete confidence with a cover letter, detailed resume, current and expected salary by e-mail.",normal,Moovup